Type,Date,Part of a policing operation,Policing operation,Latitude,Longitude,Gender,Age range,Self-defined ethnicity,Officer-defined ethnicity,Legislation,Object of search,Outcome,Outcome linked to object of search,Removal of more than just outer clothing
Person search,2022-12-01T00:00:00+00:00,,,,,Male,10-17,White - English/Welsh/Scottish/Northern Irish/British,White,Police and Criminal Evidence Act 1984 (section 1),,,,False
Person search,2022-12-01T00:00:00+00:00,,,51.461820,-2.563052,Male,10-17,,Mixed,Criminal Justice and Public Order Act 1994 (section 60),Offensive weapons,,,False
Person search,2022-12-01T00:00:00+00:00,,,51.464910,-2.569150,Male,25-34,Black/African/Caribbean/Black British - African,Black,Misuse of Drugs Act 1971 (section 23),Controlled drugs,Khat or Cannabis warning,True,False
Person search,2022-12-01T00:00:00+00:00,,,51.435295,-2.597352,Male,over 34,White - English/Welsh/Scottish/Northern Irish/British,White,Misuse of Drugs Act 1971 (section 23),Controlled drugs,Arrest,,False
Person search,2022-12-01T00:00:00+00:00,,,51.129339,-3.005100,Male,10-17,White - English/Welsh/Scottish/Northern Irish/British,White,Police and Criminal Evidence Act 1984 (section 1),,,,False
Person search,2022-12-01T00:00:00+00:00,,,,,Male,10-17,Other ethnic group - Not stated,Mixed,Criminal Justice and Public Order Act 1994 (section 60),Offensive weapons,,,False
Person search,2022-12-01T00:00:00+00:00,,,51.378912,-2.386583,Male,over 34,White - Any other White background,White,Misuse of Drugs Act 1971 (section 23),Article for use in theft,,,False
Person search,2022-12-01T00:00:00+00:00,,,51.410026,-2.628741,Female,18-24,Mixed/Multiple ethnic groups - White and Asian,Mixed,Misuse of Drugs Act 1971 (section 23),Controlled drugs,,,False
Person search,2022-12-01T00:00:00+00:00,,,51.493927,-2.563447,Male,over 34,White - English/Welsh/Scottish/Northern Irish/British,White,Police and Criminal Evidence Act 1984 (section 1),Offensive weapons,,False,False
Person and Vehicle search,2022-12-01T00:00:00+00:00,,,51.390075,-2.828092,Male,18-24,Other ethnic group - Not stated,White,Misuse of Drugs Act 1971 (section 23),Controlled drugs,,,False
Person search,2022-12-01T00:00:00+00:00,,,51.410026,-2.628741,Male,18-24,White - English/Welsh/Scottish/Northern Irish/British,White,Misuse of Drugs Act 1971 (section 23),Controlled drugs,Khat or Cannabis warning,True,False
Person search,2022-12-01T00:00:00+00:00,,,51.435295,-2.597352,Male,over 34,White - English/Welsh/Scottish/Northern Irish/British,White,Misuse of Drugs Act 1971 (section 23),Controlled drugs,Arrest,,False
Person search,2022-12-01T00:00:00+00:00,,,51.462109,-2.562767,Male,10-17,,Black,Criminal Justice and Public Order Act 1994 (section 60),Offensive weapons,,,False
Person search,2022-12-01T00:00:00+00:00,,,,,Male,18-24,White - English/Welsh/Scottish/Northern Irish/British,White,Misuse of Drugs Act 1971 (section 23),Controlled drugs,Summons / charged by post,True,False
Person search,2022-12-01T00:00:00+00:00,,,50.941482,-2.624276,Male,over 34,Other ethnic group - Not stated,White,Police and Criminal Evidence Act 1984 (section 1),Evidence of offences under the Act,,,False
Person search,2022-12-01T00:00:00+00:00,,,51.457638,-2.574270,Male,10-17,Black/African/Caribbean/Black British - African,Black,Misuse of Drugs Act 1971 (section 23),Controlled drugs,,,False
Person search,2022-12-01T00:00:00+00:00,,,50.941482,-2.624276,Female,over 34,Other ethnic group - Not stated,White,Police and Criminal Evidence Act 1984 (section 1),Evidence of offences under the Act,,,False
Person search,2022-12-02T00:00:00+00:00,,,51.453861,-2.595940,,18-24,Black/African/Caribbean/Black British - African,Black,Police and Criminal Evidence Act 1984 (section 1),Offensive weapons,Arrest,True,False
Person search,2022-12-02T00:00:00+00:00,,,51.453861,-2.595940,Male,10-17,Black/African/Caribbean/Black British - African,Black,Police and Criminal Evidence Act 1984 (section 1),Offensive weapons,,,False
Person search,2022-12-02T00:00:00+00:00,,,,,Male,over 34,White - English/Welsh/Scottish/Northern Irish/British,White,Misuse of Drugs Act 1971 (section 23),Controlled drugs,,,False
Person and Vehicle search,2022-12-02T00:00:00+00:00,,,51.463643,-2.569120,Male,18-24,Black/African/Caribbean/Black British - African,Black,Misuse of Drugs Act 1971 (section 23),Controlled drugs,,,False
Person search,2022-12-02T00:00:00+00:00,,,51.498152,-2.617218,Male,over 34,White - English/Welsh/Scottish/Northern Irish/British,White,Misuse of Drugs Act 1971 (section 23),Controlled drugs,,,False
Person search,2022-12-02T00:00:00+00:00,,,,,Male,25-34,White - English/Welsh/Scottish/Northern Irish/British,White,Misuse of Drugs Act 1971 (section 23),Controlled drugs,,,True
Person and Vehicle search,2022-12-02T00:00:00+00:00,,,51.463643,-2.569120,Male,under 10,Black/African/Caribbean/Black British - African,Other,Misuse of Drugs Act 1971 (section 23),Controlled drugs,,,False
Person search,2022-12-02T00:00:00+00:00,,,,,Male,over 34,White - English/Welsh/Scottish/Northern Irish/British,White,Police and Criminal Evidence Act 1984 (section 1),Stolen goods,Community resolution,True,False
Person search,2022-12-02T00:00:00+00:00,,,51.385824,-2.379241,Male,25-34,White - Any other White background,White,Misuse of Drugs Act 1971 (section 23),Controlled drugs,Khat or Cannabis warning,True,False
Person search,2022-12-02T00:00:00+00:00,,,51.385824,-2.379241,Female,25-34,White - Any other White background,White,Misuse of Drugs Act 1971 (section 23),Controlled drugs,,,False
Person search,2022-12-02T00:00:00+00:00,,,51.481283,-2.510788,Male,over 34,White - English/Welsh/Scottish/Northern Irish/British,White,Police and Criminal Evidence Act 1984 (section 1),Articles for use in criminal damage,,,False
Person search,2022-12-02T00:00:00+00:00,,,51.018137,-3.090458,Male,25-34,White - English/Welsh/Scottish/Northern Irish/British,White,Misuse of Drugs Act 1971 (section 23),Controlled drugs,,,False
Person and Vehicle search,2022-12-02T00:00:00+00:00,,,51.015552,-3.096713,Male,over 34,White - English/Welsh/Scottish/Northern Irish/British,White,Misuse of Drugs Act 1971 (section 23),Controlled drugs,Arrest,True,False
Person search,2022-12-02T00:00:00+00:00,,,51.199194,-2.632034,Female,18-24,Other ethnic group - Not stated,White,Police and Criminal Evidence Act 1984 (section 1),Offensive weapons,,,False
Person search,2022-12-02T00:00:00+00:00,,,51.504412,-2.596037,Male,over 34,Other ethnic group - Not stated,,Misuse of Drugs Act 1971 (section 23),Controlled drugs,,,False
Person search,2022-12-02T00:00:00+00:00,,,51.504412,-2.596037,Male,over 34,White - English/Welsh/Scottish/Northern Irish/British,White,Police and Criminal Evidence Act 1984 (section 1),Offensive weapons,,,False
Person search,2022-12-02T00:00:00+00:00,,,51.504412,-2.596037,Male,over 34,White - English/Welsh/Scottish/Northern Irish/British,White,Police and Criminal Evidence Act 1984 (section 1),Controlled drugs,,,False
Person search,2022-12-02T00:00:00+00:00,,,51.504412,-2.596037,Male,25-34,White - English/Welsh/Scottish/Northern Irish/British,White,Misuse of Drugs Act 1971 (section 23),Controlled drugs,,,False
Person search,2022-12-02T00:00:00+00:00,,,51.453861,-2.595940,Male,10-17,Black/African/Caribbean/Black British - African,Black,Police and Criminal Evidence Act 1984 (section 1),Offensive weapons,,,False
Person search,2022-12-02T00:00:00+00:00,,,,,Male,25-34,Other ethnic group - Not stated,White,Misuse of Drugs Act 1971 (section 23),Controlled drugs,Arrest,True,False
Person search,2022-12-03T00:00:00+00:00,,,51.456677,-2.592162,Male,10-17,Other ethnic group - Not stated,Asian,Police and Criminal Evidence Act 1984 (section 1),Offensive weapons,,,False
Person search,2022-12-03T00:00:00+00:00,,,51.131425,-2.731405,Male,18-24,Mixed/Multiple ethnic groups - Any other Mixed/Multiple ethnic background,Mixed,Misuse of Drugs Act 1971 (section 23),Controlled drugs,,,False
Person search,2022-12-03T00:00:00+00:00,,,51.120804,-2.727422,Male,over 34,White - English/Welsh/Scottish/Northern Irish/British,White,Police and Criminal Evidence Act 1984 (section 1),Controlled drugs,,,False
Person search,2022-12-03T00:00:00+00:00,,,51.458279,-2.584727,Male,10-17,Black/African/Caribbean/Black British - Caribbean,Black,Police and Criminal Evidence Act 1984 (section 1),Offensive weapons,,,False
Person search,2022-12-03T00:00:00+00:00,,,51.446668,-2.546188,,under 10,Other ethnic group - Not stated,,Police and Criminal Evidence Act 1984 (section 1),Article for use in theft,,,False
Person search,2022-12-03T00:00:00+00:00,,,51.456677,-2.592162,Male,10-17,Other ethnic group - Not stated,White,Police and Criminal Evidence Act 1984 (section 1),Offensive weapons,,,False
Person search,2022-12-03T00:00:00+00:00,,,51.446668,-2.546188,,under 10,Other ethnic group - Not stated,Mixed,Police and Criminal Evidence Act 1984 (section 1),Anything to threaten or harm anyone,,,False
Person search,2022-12-03T00:00:00+00:00,,,51.456677,-2.592162,Male,10-17,Other ethnic group - Not stated,Other,Police and Criminal Evidence Act 1984 (section 1),Offensive weapons,,,False
Person search,2022-12-03T00:00:00+00:00,,,51.452625,-2.598629,Male,25-34,White - English/Welsh/Scottish/Northern Irish/British,White,Police and Criminal Evidence Act 1984 (section 1),Offensive weapons,,,False
Person search,2022-12-03T00:00:00+00:00,,,51.469201,-2.594138,Male,over 34,White - English/Welsh/Scottish/Northern Irish/British,White,Police and Criminal Evidence Act 1984 (section 1),Stolen goods,,,False
Person search,2022-12-03T00:00:00+00:00,,,51.456677,-2.592162,Male,10-17,White - English/Welsh/Scottish/Northern Irish/British,White,Police and Criminal Evidence Act 1984 (section 1),Offensive weapons,,False,False
Person search,2022-12-04T00:00:00+00:00,,,,,Female,18-24,White - English/Welsh/Scottish/Northern Irish/British,White,Police and Criminal Evidence Act 1984 (section 1),Offensive weapons,A no further action disposal,True,False
Person search,2022-12-04T00:00:00+00:00,,,51.012608,-3.127292,Male,over 34,White - English/Welsh/Scottish/Northern Irish/British,White,Police and Criminal Evidence Act 1984 (section 1),Article for use in theft,,,False
Person search,2022-12-04T00:00:00+00:00,,,51.473344,-2.510627,Male,over 34,White - English/Welsh/Scottish/Northern Irish/British,White,Firearms Act 1968 (section 47),Firearms,,,False
Person search,2022-12-04T00:00:00+00:00,,,51.350125,-2.980559,Male,10-17,White - English/Welsh/Scottish/Northern Irish/British,White,Misuse of Drugs Act 1971 (section 23),Controlled drugs,A no further action disposal,True,False
Person search,2022-12-04T00:00:00+00:00,,,51.350125,-2.980559,Male,18-24,White - English/Welsh/Scottish/Northern Irish/British,White,Misuse of Drugs Act 1971 (section 23),Controlled drugs,Community resolution,True,False
Person search,2022-12-05T00:00:00+00:00,,,51.403186,-2.341748,Male,over 34,White - English/Welsh/Scottish/Northern Irish/British,White,Police and Criminal Evidence Act 1984 (section 1),Article for use in theft,Arrest,True,False
Person search,2022-12-05T00:00:00+00:00,,,51.491738,-2.605594,Male,25-34,White - English/Welsh/Scottish/Northern Irish/British,White,Misuse of Drugs Act 1971 (section 23),Controlled drugs,Arrest,,False
Person search,2022-12-05T00:00:00+00:00,,,51.491738,-2.605594,Male,25-34,White - English/Welsh/Scottish/Northern Irish/British,White,Misuse of Drugs Act 1971 (section 23),Controlled drugs,A no further action disposal,True,False
Person search,2022-12-05T00:00:00+00:00,,,51.346272,-2.938306,Male,10-17,White - English/Welsh/Scottish/Northern Irish/British,White,Police and Criminal Evidence Act 1984 (section 1),Articles for use in criminal damage,,,False
Person search,2022-12-05T00:00:00+00:00,,,51.346272,-2.938306,Male,10-17,White - English/Welsh/Scottish/Northern Irish/British,White,Police and Criminal Evidence Act 1984 (section 1),Articles for use in criminal damage,,False,False
Person search,2022-12-05T00:00:00+00:00,,,51.353577,-2.928834,Male,over 34,White - English/Welsh/Scottish/Northern Irish/British,White,Police and Criminal Evidence Act 1984 (section 1),Offensive weapons,,,False
Person and Vehicle search,2022-12-05T00:00:00+00:00,,,51.020315,-3.088342,Female,under 10,Other ethnic group - Not stated,White,Police and Criminal Evidence Act 1984 (section 1),Article for use in theft,,,False
Person search,2022-12-05T00:00:00+00:00,,,51.426477,-2.578971,Male,18-24,White - English/Welsh/Scottish/Northern Irish/British,White,Misuse of Drugs Act 1971 (section 23),Controlled drugs,,,False
Person search,2022-12-05T00:00:00+00:00,,,51.346272,-2.938306,Male,10-17,White - English/Welsh/Scottish/Northern Irish/British,White,Police and Criminal Evidence Act 1984 (section 1),Articles for use in criminal damage,,,False
Person and Vehicle search,2022-12-05T00:00:00+00:00,,,51.020315,-3.088342,Male,,Other ethnic group - Not stated,White,Police and Criminal Evidence Act 1984 (section 1),Article for use in theft,,,False
Person and Vehicle search,2022-12-05T00:00:00+00:00,,,51.020315,-3.088342,Male,,Other ethnic group - Not stated,White,Police and Criminal Evidence Act 1984 (section 1),Article for use in theft,,,False
Person search,2022-12-06T00:00:00+00:00,,,51.425494,-2.583100,Male,18-24,Other ethnic group - Any other ethnic group,Black,Misuse of Drugs Act 1971 (section 23),Controlled drugs,Khat or Cannabis warning,True,False
Person and Vehicle search,2022-12-06T00:00:00+00:00,,,51.493767,-2.602827,Male,18-24,Mixed/Multiple ethnic groups - Any other Mixed/Multiple ethnic background,Mixed,Misuse of Drugs Act 1971 (section 23),Controlled drugs,,,False
Person search,2022-12-06T00:00:00+00:00,,,51.453161,-2.600924,Male,18-24,Other ethnic group - Not stated,White,Misuse of Drugs Act 1971 (section 23),Controlled drugs,,,False
Person search,2022-12-06T00:00:00+00:00,,,50.951685,-2.618135,Male,over 34,White - Any other White background,White,Police and Criminal Evidence Act 1984 (section 1),,,,False
Person search,2022-12-06T00:00:00+00:00,,,51.459258,-2.592109,Male,over 34,White - English/Welsh/Scottish/Northern Irish/British,White,Police and Criminal Evidence Act 1984 (section 1),Stolen goods,,,False
Person search,2022-12-06T00:00:00+00:00,,,51.461429,-2.601839,Male,18-24,Other ethnic group - Not stated,Asian,Police and Criminal Evidence Act 1984 (section 1),Offensive weapons,,,False
Person search,2022-12-06T00:00:00+00:00,,,51.458210,-2.587749,Female,over 34,Other ethnic group - Not stated,White,Police and Criminal Evidence Act 1984 (section 1),Stolen goods,,,False
Person search,2022-12-06T00:00:00+00:00,,,51.357286,-2.907582,Male,over 34,White - English/Welsh/Scottish/Northern Irish/British,White,Misuse of Drugs Act 1971 (section 23),Controlled drugs,Arrest,True,True
Person search,2022-12-06T00:00:00+00:00,,,51.498152,-2.617218,Male,25-34,White - English/Welsh/Scottish/Northern Irish/British,White,Misuse of Drugs Act 1971 (section 23),Controlled drugs,A no further action disposal,,True
Person search,2022-12-06T00:00:00+00:00,,,51.141520,-2.734881,Male,over 34,Other ethnic group - Not stated,White,Police and Criminal Evidence Act 1984 (section 1),Stolen goods,Community resolution,True,False
Person search,2022-12-06T00:00:00+00:00,,,51.333827,-2.965857,Male,25-34,Other ethnic group - Not stated,Black,Misuse of Drugs Act 1971 (section 23),Controlled drugs,,,False
Person and Vehicle search,2022-12-06T00:00:00+00:00,,,51.493767,-2.602827,Male,18-24,Black/African/Caribbean/Black British - Any other Black/African/Caribbean background,Black,Misuse of Drugs Act 1971 (section 23),Controlled drugs,,,False
Vehicle search,2022-12-07T00:00:00+00:00,,,51.459903,-2.585338,,,,,Misuse of Drugs Act 1971 (section 23),Controlled drugs,A no further action disposal,,
Person search,2022-12-07T00:00:00+00:00,,,50.950962,-2.664691,Male,25-34,White - English/Welsh/Scottish/Northern Irish/British,White,Misuse of Drugs Act 1971 (section 23),Controlled drugs,Community resolution,True,False
Person search,2022-12-07T00:00:00+00:00,,,51.120723,-2.997883,Male,10-17,White - English/Welsh/Scottish/Northern Irish/British,White,Police and Criminal Evidence Act 1984 (section 1),Stolen goods,Arrest,True,False
Person search,2022-12-07T00:00:00+00:00,,,51.125749,-3.001164,Female,18-24,White - English/Welsh/Scottish/Northern Irish/British,White,Police and Criminal Evidence Act 1984 (section 1),Stolen goods,,,False
Person search,2022-12-07T00:00:00+00:00,,,51.120723,-2.997883,Male,10-17,White - English/Welsh/Scottish/Northern Irish/British,White,Police and Criminal Evidence Act 1984 (section 1),Stolen goods,,,False
Person search,2022-12-07T00:00:00+00:00,,,51.269910,-2.284597,Male,over 34,White - English/Welsh/Scottish/Northern Irish/British,White,Police and Criminal Evidence Act 1984 (section 1),Evidence of offences under the Act,,,False
Person search,2022-12-07T00:00:00+00:00,,,51.524619,-2.598824,Male,over 34,Black/African/Caribbean/Black British - Any other Black/African/Caribbean background,Asian,Police and Criminal Evidence Act 1984 (section 1),Article for use in theft,,,False
Person search,2022-12-07T00:00:00+00:00,,,51.014548,-3.104957,Male,over 34,White - English/Welsh/Scottish/Northern Irish/British,White,Misuse of Drugs Act 1971 (section 23),Controlled drugs,Khat or Cannabis warning,True,False
Person search,2022-12-07T00:00:00+00:00,,,51.461431,-2.565436,Male,over 34,White - English/Welsh/Scottish/Northern Irish/British,White,Misuse of Drugs Act 1971 (section 23),Controlled drugs,,False,False
Person and Vehicle search,2022-12-07T00:00:00+00:00,,,51.147311,-2.985489,,over 34,Other ethnic group - Not stated,White,Misuse of Drugs Act 1971 (section 23),Controlled drugs,,,False
Person search,2022-12-07T00:00:00+00:00,,,51.350722,-2.980141,Male,25-34,White - English/Welsh/Scottish/Northern Irish/British,White,Police and Criminal Evidence Act 1984 (section 1),Offensive weapons,,,False
Person search,2022-12-07T00:00:00+00:00,,,51.029625,-3.103391,Female,25-34,White - English/Welsh/Scottish/Northern Irish/British,White,Misuse of Drugs Act 1971 (section 23),Controlled drugs,,False,False
Person search,2022-12-07T00:00:00+00:00,,,51.269910,-2.284597,Female,over 34,White - English/Welsh/Scottish/Northern Irish/British,White,Police and Criminal Evidence Act 1984 (section 1),Stolen goods,Arrest,True,False
Person search,2022-12-07T00:00:00+00:00,,,51.457287,-2.594214,Male,18-24,White - English/Welsh/Scottish/Northern Irish/British,White,Misuse of Drugs Act 1971 (section 23),Controlled drugs,A no further action disposal,True,False
Person and Vehicle search,2022-12-08T00:00:00+00:00,,,51.139720,-3.003596,Female,18-24,White - English/Welsh/Scottish/Northern Irish/British,White,Misuse of Drugs Act 1971 (section 23),Controlled drugs,,,False
Person and Vehicle search,2022-12-08T00:00:00+00:00,,,51.346738,-2.970493,Male,25-34,Mixed/Multiple ethnic groups - Any other Mixed/Multiple ethnic background,White,Police and Criminal Evidence Act 1984 (section 1),Offensive weapons,,,False
Person and Vehicle search,2022-12-08T00:00:00+00:00,,,51.346738,-2.970493,Male,25-34,Asian/Asian British - Any other Asian background,White,Police and Criminal Evidence Act 1984 (section 1),Offensive weapons,,,False
Person search,2022-12-08T00:00:00+00:00,,,50.871174,-2.963295,Male,over 34,White - English/Welsh/Scottish/Northern Irish/British,White,Misuse of Drugs Act 1971 (section 23),Controlled drugs,,,False
Person search,2022-12-08T00:00:00+00:00,,,51.505705,-2.697343,Female,18-24,White - English/Welsh/Scottish/Northern Irish/British,White,Police and Criminal Evidence Act 1984 (section 1),Stolen goods,,,False
Person search,2022-12-08T00:00:00+00:00,,,51.001181,-3.123267,Female,25-34,White - English/Welsh/Scottish/Northern Irish/British,White,Misuse of Drugs Act 1971 (section 23),Controlled drugs,,,False
Person search,2022-12-08T00:00:00+00:00,,,51.460633,-2.586816,Male,25-34,White - English/Welsh/Scottish/Northern Irish/British,White,Misuse of Drugs Act 1971 (section 23),Controlled drugs,Arrest,True,False
Vehicle search,2022-12-08T00:00:00+00:00,,,51.481283,-2.510788,,,,,Misuse of Drugs Act 1971 (section 23),Controlled drugs,A no further action disposal,,
Person search,2022-12-08T00:00:00+00:00,,,51.001181,-3.123267,Male,25-34,Other ethnic group - Not stated,White,Misuse of Drugs Act 1971 (section 23),Controlled drugs,,,False
Person search,2022-12-08T00:00:00+00:00,,,51.500985,-2.491617,Male,18-24,White - English/Welsh/Scottish/Northern Irish/British,White,Misuse of Drugs Act 1971 (section 23),Controlled drugs,Khat or Cannabis warning,True,False
Person search,2022-12-08T00:00:00+00:00,,,51.137086,-2.983371,Male,10-17,White - English/Welsh/Scottish/Northern Irish/British,White,Police and Criminal Evidence Act 1984 (section 1),Offensive weapons,,,False
Person and Vehicle search,2022-12-08T00:00:00+00:00,,,,,Male,25-34,Other ethnic group - Not stated,White,Misuse of Drugs Act 1971 (section 23),Controlled drugs,Arrest,True,False
Person and Vehicle search,2022-12-09T00:00:00+00:00,,,51.502849,-2.566540,Male,18-24,Other ethnic group - Not stated,,Misuse of Drugs Act 1971 (section 23),Controlled drugs,,,False
Person search,2022-12-09T00:00:00+00:00,,,51.228047,-2.987070,Female,10-17,White - English/Welsh/Scottish/Northern Irish/British,White,Misuse of Drugs Act 1971 (section 23),Controlled drugs,,,False
Person search,2022-12-09T00:00:00+00:00,,,,,Male,18-24,White - English/Welsh/Scottish/Northern Irish/British,White,Misuse of Drugs Act 1971 (section 23),Controlled drugs,Khat or Cannabis warning,True,False
Vehicle search,2022-12-09T00:00:00+00:00,,,51.201086,-2.376647,,,,,Police and Criminal Evidence Act 1984 (section 1),Stolen goods,A no further action disposal,,
Person search,2022-12-09T00:00:00+00:00,,,51.190110,-2.548657,Female,18-24,White - English/Welsh/Scottish/Northern Irish/British,White,Misuse of Drugs Act 1971 (section 23),Controlled drugs,Arrest,True,False
Person search,2022-12-09T00:00:00+00:00,,,51.408816,-2.600688,Male,18-24,White - English/Welsh/Scottish/Northern Irish/British,White,Misuse of Drugs Act 1971 (section 23),Controlled drugs,,,False
Person search,2022-12-09T00:00:00+00:00,,,51.408816,-2.600688,Male,18-24,White - English/Welsh/Scottish/Northern Irish/British,White,Misuse of Drugs Act 1971 (section 23),Controlled drugs,,,False
Person search,2022-12-09T00:00:00+00:00,,,51.441176,-2.859260,Male,10-17,White - English/Welsh/Scottish/Northern Irish/British,White,Police and Criminal Evidence Act 1984 (section 1),Articles for use in criminal damage,,False,False
Person search,2022-12-09T00:00:00+00:00,,,50.895809,-2.992953,Female,over 34,White - English/Welsh/Scottish/Northern Irish/British,White,,,,,False
Person search,2022-12-09T00:00:00+00:00,,,51.345692,-2.972984,Male,25-34,White - English/Welsh/Scottish/Northern Irish/British,White,Police and Criminal Evidence Act 1984 (section 1),Offensive weapons,,,False
Person search,2022-12-09T00:00:00+00:00,,,51.345692,-2.972984,Male,18-24,White - English/Welsh/Scottish/Northern Irish/British,White,Police and Criminal Evidence Act 1984 (section 1),Offensive weapons,,,False
Person search,2022-12-09T00:00:00+00:00,,,51.345692,-2.972984,Female,10-17,White - English/Welsh/Scottish/Northern Irish/British,White,Police and Criminal Evidence Act 1984 (section 1),Offensive weapons,,,False
Person search,2022-12-09T00:00:00+00:00,,,51.345692,-2.972984,Male,18-24,White - English/Welsh/Scottish/Northern Irish/British,White,Police and Criminal Evidence Act 1984 (section 1),Offensive weapons,,,False
Person and Vehicle search,2022-12-09T00:00:00+00:00,,,,,Male,18-24,White - English/Welsh/Scottish/Northern Irish/British,White,Misuse of Drugs Act 1971 (section 23),Controlled drugs,Khat or Cannabis warning,True,False
Person search,2022-12-09T00:00:00+00:00,,,51.443759,-2.595117,Male,over 34,Other ethnic group - Not stated,Black,Police and Criminal Evidence Act 1984 (section 1),Evidence of offences under the Act,Arrest,True,False
Person search,2022-12-09T00:00:00+00:00,,,50.944520,-2.741321,Male,18-24,White - English/Welsh/Scottish/Northern Irish/British,White,Misuse of Drugs Act 1971 (section 23),Controlled drugs,Khat or Cannabis warning,True,False
Person search,2022-12-09T00:00:00+00:00,,,50.944520,-2.741321,Male,18-24,White - English/Welsh/Scottish/Northern Irish/British,White,Misuse of Drugs Act 1971 (section 23),Controlled drugs,,,False
Person search,2022-12-09T00:00:00+00:00,,,51.442736,-2.856110,Male,10-17,White - English/Welsh/Scottish/Northern Irish/British,White,Police and Criminal Evidence Act 1984 (section 1),Stolen goods,,,False
Person search,2022-12-09T00:00:00+00:00,,,51.439517,-2.851273,Male,10-17,White - English/Welsh/Scottish/Northern Irish/British,White,Police and Criminal Evidence Act 1984 (section 1),Stolen goods,,,False
Person search,2022-12-09T00:00:00+00:00,,,,,Male,,Asian/Asian British - Any other Asian background,Asian,Misuse of Drugs Act 1971 (section 23),Controlled drugs,,,False
Person search,2022-12-09T00:00:00+00:00,,,51.463954,-2.580697,Male,18-24,Black/African/Caribbean/Black British - Caribbean,Black,Misuse of Drugs Act 1971 (section 23),Controlled drugs,Arrest,True,False
Person and Vehicle search,2022-12-09T00:00:00+00:00,,,51.502849,-2.566540,Male,18-24,Other ethnic group - Not stated,,Misuse of Drugs Act 1971 (section 23),Controlled drugs,Arrest,True,False
Person and Vehicle search,2022-12-09T00:00:00+00:00,,,51.502849,-2.566540,Female,10-17,Other ethnic group - Not stated,,Misuse of Drugs Act 1971 (section 23),Controlled drugs,Arrest,True,False
Person search,2022-12-09T00:00:00+00:00,,,,,Male,18-24,White - English/Welsh/Scottish/Northern Irish/British,White,Misuse of Drugs Act 1971 (section 23),Controlled drugs,Khat or Cannabis warning,True,False
Person search,2022-12-09T00:00:00+00:00,,,51.190110,-2.548657,Male,25-34,White - English/Welsh/Scottish/Northern Irish/British,White,Misuse of Drugs Act 1971 (section 23),Controlled drugs,Khat or Cannabis warning,True,False
Person search,2022-12-09T00:00:00+00:00,,,51.228047,-2.987070,Female,10-17,White - English/Welsh/Scottish/Northern Irish/British,White,Misuse of Drugs Act 1971 (section 23),Controlled drugs,,,False
Person and Vehicle search,2022-12-10T00:00:00+00:00,,,51.452527,-2.560217,Male,18-24,Other ethnic group - Not stated,Black,Misuse of Drugs Act 1971 (section 23),Controlled drugs,,,False
Person and Vehicle search,2022-12-10T00:00:00+00:00,,,51.452527,-2.560217,Male,18-24,Black/African/Caribbean/Black British - African,Black,Misuse of Drugs Act 1971 (section 23),Controlled drugs,,,False
Person search,2022-12-10T00:00:00+00:00,,,51.456685,-2.586981,Male,10-17,Other ethnic group - Any other ethnic group,Black,Misuse of Drugs Act 1971 (section 23),Controlled drugs,Arrest,True,False
Person and Vehicle search,2022-12-10T00:00:00+00:00,,,51.128617,-2.997010,Male,25-34,Other ethnic group - Any other ethnic group,White,Misuse of Drugs Act 1971 (section 23),Controlled drugs,,False,False
Person search,2022-12-10T00:00:00+00:00,,,51.456685,-2.586981,Male,18-24,Other ethnic group - Not stated,Black,Misuse of Drugs Act 1971 (section 23),Controlled drugs,Arrest,True,False
Person search,2022-12-10T00:00:00+00:00,,,51.456685,-2.586981,Male,10-17,Asian/Asian British - Pakistani,Black,Misuse of Drugs Act 1971 (section 23),Controlled drugs,Arrest,True,False
Person and Vehicle search,2022-12-10T00:00:00+00:00,,,51.128047,-2.994239,Male,over 34,White - Any other White background,White,Misuse of Drugs Act 1971 (section 23),Controlled drugs,,,False
Person search,2022-12-10T00:00:00+00:00,,,51.128412,-3.001007,Male,10-17,White - Any other White background,White,Police and Criminal Evidence Act 1984 (section 1),,,,False
Person and Vehicle search,2022-12-10T00:00:00+00:00,,,,,Male,18-24,Other ethnic group - Not stated,,Misuse of Drugs Act 1971 (section 23),Controlled drugs,A no further action disposal,True,False
Person search,2022-12-10T00:00:00+00:00,,,51.347233,-2.975759,Male,10-17,White - English/Welsh/Scottish/Northern Irish/British,White,Police and Criminal Evidence Act 1984 (section 1),,,,False
Person search,2022-12-10T00:00:00+00:00,,,51.347233,-2.975759,Male,18-24,White - English/Welsh/Scottish/Northern Irish/British,White,Police and Criminal Evidence Act 1984 (section 1),,,,False
Person and Vehicle search,2022-12-10T00:00:00+00:00,,,,,Male,18-24,White - English/Welsh/Scottish/Northern Irish/British,White,Misuse of Drugs Act 1971 (section 23),Controlled drugs,,True,False
Person search,2022-12-10T00:00:00+00:00,,,,,Male,10-17,White - English/Welsh/Scottish/Northern Irish/British,White,Misuse of Drugs Act 1971 (section 23),Controlled drugs,Khat or Cannabis warning,True,False
Person search,2022-12-10T00:00:00+00:00,,,50.940565,-2.627509,Male,25-34,White - English/Welsh/Scottish/Northern Irish/British,White,Misuse of Drugs Act 1971 (section 23),Controlled drugs,,,False
Person search,2022-12-10T00:00:00+00:00,,,51.382251,-2.374771,Male,18-24,White - English/Welsh/Scottish/Northern Irish/British,White,Police and Criminal Evidence Act 1984 (section 1),Stolen goods,,,False
Person and Vehicle search,2022-12-10T00:00:00+00:00,,,51.452527,-2.560217,,under 10,Other ethnic group - Not stated,Black,Misuse of Drugs Act 1971 (section 23),Controlled drugs,,,False
Person and Vehicle search,2022-12-10T00:00:00+00:00,,,51.452527,-2.560217,Male,18-24,Other ethnic group - Not stated,,Misuse of Drugs Act 1971 (section 23),Controlled drugs,,,False
Person search,2022-12-10T00:00:00+00:00,,,51.450094,-2.599344,Female,18-24,White - English/Welsh/Scottish/Northern Irish/British,White,Misuse of Drugs Act 1971 (section 23),Controlled drugs,,,False
Person search,2022-12-10T00:00:00+00:00,,,51.460652,-2.568406,Male,18-24,Other ethnic group - Not stated,Black,Misuse of Drugs Act 1971 (section 23),Controlled drugs,Community resolution,True,False
Person search,2022-12-10T00:00:00+00:00,,,51.502390,-2.593979,Female,25-34,White - English/Welsh/Scottish/Northern Irish/British,White,Police and Criminal Evidence Act 1984 (section 1),Stolen goods,,,False
Person search,2022-12-10T00:00:00+00:00,,,51.450979,-2.598608,Female,18-24,Other ethnic group - Not stated,White,Misuse of Drugs Act 1971 (section 23),Controlled drugs,,,False
Person search,2022-12-10T00:00:00+00:00,,,51.460652,-2.568406,Male,18-24,Other ethnic group - Not stated,White,Misuse of Drugs Act 1971 (section 23),Article for use in theft,,,False
Person search,2022-12-10T00:00:00+00:00,,,51.502390,-2.593979,Male,18-24,Other ethnic group - Not stated,White,Police and Criminal Evidence Act 1984 (section 1),Stolen goods,,,False
Person search,2022-12-10T00:00:00+00:00,,,51.502390,-2.593979,Male,18-24,Mixed/Multiple ethnic groups - White and Asian,Mixed,Police and Criminal Evidence Act 1984 (section 1),Controlled drugs,A no further action disposal,True,False
Person search,2022-12-10T00:00:00+00:00,,,51.453765,-2.631486,Female,18-24,White - English/Welsh/Scottish/Northern Irish/British,White,Police and Criminal Evidence Act 1984 (section 1),Offensive weapons,,,False
Person search,2022-12-10T00:00:00+00:00,,,51.460652,-2.568406,Male,25-34,Black/African/Caribbean/Black British - African,Black,Misuse of Drugs Act 1971 (section 23),Controlled drugs,,,False
Person search,2022-12-10T00:00:00+00:00,,,51.126518,-3.001666,Male,10-17,White - English/Welsh/Scottish/Northern Irish/British,White,Misuse of Drugs Act 1971 (section 23),Controlled drugs,,,False
Person search,2022-12-10T00:00:00+00:00,,,51.502390,-2.593979,Male,18-24,Black/African/Caribbean/Black British - Caribbean,Black,Police and Criminal Evidence Act 1984 (section 1),Stolen goods,,,False
Person search,2022-12-11T00:00:00+00:00,,,51.386548,-2.439560,Male,18-24,White - English/Welsh/Scottish/Northern Irish/British,White,Police and Criminal Evidence Act 1984 (section 1),Anything to threaten or harm anyone,,,False
Person search,2022-12-11T00:00:00+00:00,,,51.125685,-3.007535,Male,18-24,White - English/Welsh/Scottish/Northern Irish/British,White,Police and Criminal Evidence Act 1984 (section 1),Offensive weapons,Arrest,True,False
Person search,2022-12-11T00:00:00+00:00,,,51.386548,-2.439560,Male,18-24,White - English/Welsh/Scottish/Northern Irish/British,White,Police and Criminal Evidence Act 1984 (section 1),Article for use in theft,,False,False
Person search,2022-12-11T00:00:00+00:00,,,51.135067,-3.017520,Female,18-24,White - English/Welsh/Scottish/Northern Irish/British,White,Police and Criminal Evidence Act 1984 (section 1),Articles for use in criminal damage,,,False
Person search,2022-12-11T00:00:00+00:00,,,51.456492,-2.604417,Male,over 34,White - English/Welsh/Scottish/Northern Irish/British,White,Police and Criminal Evidence Act 1984 (section 1),Article for use in theft,,False,False
Person search,2022-12-11T00:00:00+00:00,,,51.431975,-2.546214,Male,18-24,Other ethnic group - Not stated,Black,Misuse of Drugs Act 1971 (section 23),Controlled drugs,Arrest,True,False
Person search,2022-12-11T00:00:00+00:00,,,51.128048,-3.005629,Male,10-17,White - English/Welsh/Scottish/Northern Irish/British,White,Police and Criminal Evidence Act 1984 (section 1),Offensive weapons,,,False
Person search,2022-12-11T00:00:00+00:00,,,51.451408,-2.606140,Male,18-24,White - English/Welsh/Scottish/Northern Irish/British,White,Police and Criminal Evidence Act 1984 (section 1),Offensive weapons,,,False
Person and Vehicle search,2022-12-11T00:00:00+00:00,,,51.508216,-2.574641,Male,25-34,Black/African/Caribbean/Black British - African,Black,Misuse of Drugs Act 1971 (section 23),Controlled drugs,,,False
Person search,2022-12-11T00:00:00+00:00,,,51.410456,-2.594627,Female,18-24,Other ethnic group - Not stated,,Police and Criminal Evidence Act 1984 (section 1),Offensive weapons,,,False
Person search,2022-12-11T00:00:00+00:00,,,,,Male,25-34,Other ethnic group - Not stated,White,Firearms Act 1968 (section 47),Firearms,,,False
Person search,2022-12-11T00:00:00+00:00,,,51.439298,-2.560573,Male,10-17,White - English/Welsh/Scottish/Northern Irish/British,White,Police and Criminal Evidence Act 1984 (section 1),Offensive weapons,,,False
Person search,2022-12-12T00:00:00+00:00,,,51.322635,-2.975366,Female,25-34,White - English/Welsh/Scottish/Northern Irish/British,White,Misuse of Drugs Act 1971 (section 23),Controlled drugs,A no further action disposal,True,False
Person search,2022-12-12T00:00:00+00:00,,,51.445212,-2.592187,Male,25-34,White - English/Welsh/Scottish/Northern Irish/British,White,Misuse of Drugs Act 1971 (section 23),Controlled drugs,Community resolution,True,False
Person search,2022-12-12T00:00:00+00:00,,,50.941596,-2.631437,Male,25-34,White - Any other White background,White,Police and Criminal Evidence Act 1984 (section 1),Offensive weapons,,,False
Person search,2022-12-12T00:00:00+00:00,,,,,Male,over 34,Other ethnic group - Not stated,White,Police and Criminal Evidence Act 1984 (section 1),Offensive weapons,,,False
Person search,2022-12-12T00:00:00+00:00,,,51.447319,-2.590277,Male,over 34,White - English/Welsh/Scottish/Northern Irish/British,White,Misuse of Drugs Act 1971 (section 23),Controlled drugs,A no further action disposal,True,False
Person search,2022-12-12T00:00:00+00:00,,,51.469002,-2.632128,Male,25-34,Other ethnic group - Not stated,White,Psychoactive Substances Act 2016 (s36(2)),Evidence of offences under the Act,A no further action disposal,True,False
Person search,2022-12-12T00:00:00+00:00,,,51.525064,-2.601640,Female,10-17,Other ethnic group - Not stated,Mixed,Police and Criminal Evidence Act 1984 (section 1),Offensive weapons,,,False
Person search,2022-12-12T00:00:00+00:00,,,51.469002,-2.632128,Female,25-34,White - English/Welsh/Scottish/Northern Irish/British,White,Psychoactive Substances Act 2016 (s36(2)),Evidence of offences under the Act,A no further action disposal,True,False
Person search,2022-12-12T00:00:00+00:00,,,51.486279,-2.523863,Male,18-24,White - English/Welsh/Scottish/Northern Irish/British,White,Police and Criminal Evidence Act 1984 (section 1),Offensive weapons,,,False
Person search,2022-12-12T00:00:00+00:00,,,,,Male,10-17,White - English/Welsh/Scottish/Northern Irish/British,White,Police and Criminal Evidence Act 1984 (section 1),Article for use in theft,,,False
Person search,2022-12-12T00:00:00+00:00,,,,,Male,10-17,White - English/Welsh/Scottish/Northern Irish/British,White,Police and Criminal Evidence Act 1984 (section 1),Article for use in theft,,,False
Person search,2022-12-12T00:00:00+00:00,,,51.461271,-2.510190,Male,over 34,Other ethnic group - Not stated,White,Police and Criminal Evidence Act 1984 (section 1),Stolen goods,,,False
Person search,2022-12-12T00:00:00+00:00,,,51.525064,-2.601640,Male,10-17,Other ethnic group - Not stated,,Police and Criminal Evidence Act 1984 (section 1),Offensive weapons,,,False
Person search,2022-12-12T00:00:00+00:00,,,51.525064,-2.601640,Male,10-17,Other ethnic group - Not stated,White,Police and Criminal Evidence Act 1984 (section 1),Offensive weapons,,,False
Person search,2022-12-12T00:00:00+00:00,,,51.525403,-2.598546,Male,18-24,White - Any other White background,White,Police and Criminal Evidence Act 1984 (section 1),Stolen goods,,,False
Person and Vehicle search,2022-12-13T00:00:00+00:00,,,,,Male,18-24,White - English/Welsh/Scottish/Northern Irish/British,White,Police and Criminal Evidence Act 1984 (section 1),,,,False
Person and Vehicle search,2022-12-13T00:00:00+00:00,,,,,Male,18-24,White - English/Welsh/Scottish/Northern Irish/British,White,Police and Criminal Evidence Act 1984 (section 1),Article for use in theft,,,False
Person and Vehicle search,2022-12-13T00:00:00+00:00,,,,,Male,18-24,White - English/Welsh/Scottish/Northern Irish/British,White,Police and Criminal Evidence Act 1984 (section 1),Article for use in theft,,,False
Person and Vehicle search,2022-12-13T00:00:00+00:00,,,,,Male,over 34,White - English/Welsh/Scottish/Northern Irish/British,White,Misuse of Drugs Act 1971 (section 23),Controlled drugs,,,False
Vehicle search,2022-12-13T00:00:00+00:00,,,51.436623,-2.846068,,,,,Misuse of Drugs Act 1971 (section 23),Controlled drugs,,,
Person and Vehicle search,2022-12-13T00:00:00+00:00,,,,,Male,18-24,White - English/Welsh/Scottish/Northern Irish/British,Mixed,Misuse of Drugs Act 1971 (section 23),Controlled drugs,Arrest,True,False
Person and Vehicle search,2022-12-13T00:00:00+00:00,,,51.131480,-2.994427,Male,over 34,White - English/Welsh/Scottish/Northern Irish/British,White,Misuse of Drugs Act 1971 (section 23),Controlled drugs,,,False
Person search,2022-12-13T00:00:00+00:00,,,51.528918,-2.600495,Male,over 34,White - English/Welsh/Scottish/Northern Irish/British,White,Police and Criminal Evidence Act 1984 (section 1),Article for use in theft,,,False
Person and Vehicle search,2022-12-13T00:00:00+00:00,,,,,Male,25-34,Other ethnic group - Not stated,Mixed,Police and Criminal Evidence Act 1984 (section 1),,,,False
Person and Vehicle search,2022-12-13T00:00:00+00:00,,,51.131480,-2.994427,Male,over 34,White - English/Welsh/Scottish/Northern Irish/British,White,Misuse of Drugs Act 1971 (section 23),Controlled drugs,,,False
Person search,2022-12-14T00:00:00+00:00,,,,,Male,over 34,White - English/Welsh/Scottish/Northern Irish/British,White,Misuse of Drugs Act 1971 (section 23),Controlled drugs,,,False
Person search,2022-12-14T00:00:00+00:00,,,,,Male,over 34,White - English/Welsh/Scottish/Northern Irish/British,White,Police and Criminal Evidence Act 1984 (section 1),,,,False
Person and Vehicle search,2022-12-14T00:00:00+00:00,,,51.501096,-2.609493,Male,over 34,White - English/Welsh/Scottish/Northern Irish/British,White,Misuse of Drugs Act 1971 (section 23),Controlled drugs,,,False
Person search,2022-12-14T00:00:00+00:00,,,51.482448,-2.507589,Male,over 34,Other ethnic group - Not stated,Mixed,Misuse of Drugs Act 1971 (section 23),Controlled drugs,,,False
Vehicle search,2022-12-14T00:00:00+00:00,,,51.527177,-2.597305,,,,,Police and Criminal Evidence Act 1984 (section 1),Article for use in theft,,True,
Person search,2022-12-14T00:00:00+00:00,,,51.365285,-2.390935,Male,10-17,White - English/Welsh/Scottish/Northern Irish/British,Black,Misuse of Drugs Act 1971 (section 23),Offensive weapons,Arrest,True,False
Person search,2022-12-14T00:00:00+00:00,,,51.441431,-2.612381,Female,over 34,White - English/Welsh/Scottish/Northern Irish/British,White,Misuse of Drugs Act 1971 (section 23),Controlled drugs,,,False
Person search,2022-12-14T00:00:00+00:00,,,51.405010,-2.595836,Female,10-17,Other ethnic group - Not stated,White,Police and Criminal Evidence Act 1984 (section 1),Offensive weapons,,,False
Person and Vehicle search,2022-12-14T00:00:00+00:00,,,,,Male,25-34,White - Any other White background,White,Misuse of Drugs Act 1971 (section 23),Controlled drugs,,,False
Person search,2022-12-14T00:00:00+00:00,,,51.461817,-2.592819,Male,over 34,Other ethnic group - Not stated,White,Police and Criminal Evidence Act 1984 (section 1),Stolen goods,,,False
Person search,2022-12-14T00:00:00+00:00,,,51.405010,-2.595836,Male,10-17,White - English/Welsh/Scottish/Northern Irish/British,White,Police and Criminal Evidence Act 1984 (section 1),Offensive weapons,,,False
Person and Vehicle search,2022-12-14T00:00:00+00:00,,,51.501096,-2.609493,Male,over 34,White - English/Welsh/Scottish/Northern Irish/British,White,Misuse of Drugs Act 1971 (section 23),Controlled drugs,,,False
Person search,2022-12-14T00:00:00+00:00,,,51.482448,-2.507589,Male,over 34,Other ethnic group - Not stated,,Misuse of Drugs Act 1971 (section 23),Controlled drugs,,,False
Person search,2022-12-14T00:00:00+00:00,,,51.405010,-2.595836,Male,10-17,White - English/Welsh/Scottish/Northern Irish/British,White,Police and Criminal Evidence Act 1984 (section 1),Offensive weapons,,,False
Person and Vehicle search,2022-12-14T00:00:00+00:00,,,51.501096,-2.609493,Male,over 34,White - English/Welsh/Scottish/Northern Irish/British,White,Misuse of Drugs Act 1971 (section 23),Controlled drugs,,,False
Person search,2022-12-14T00:00:00+00:00,,,51.347597,-2.955650,Male,25-34,Other ethnic group - Not stated,,Misuse of Drugs Act 1971 (section 23),Controlled drugs,,,False
Person search,2022-12-15T00:00:00+00:00,,,51.535361,-2.547956,Male,25-34,Other ethnic group - Not stated,White,Police and Criminal Evidence Act 1984 (section 1),Offensive weapons,,,False
Person search,2022-12-15T00:00:00+00:00,,,51.500977,-2.592434,Male,25-34,Other ethnic group - Not stated,,Misuse of Drugs Act 1971 (section 23),Controlled drugs,Arrest,True,False
Vehicle search,2022-12-15T00:00:00+00:00,,,51.501252,-2.609063,,,,,,Controlled drugs,,True,
Person and Vehicle search,2022-12-15T00:00:00+00:00,,,51.605490,-2.525263,Male,25-34,Mixed/Multiple ethnic groups - White and Black African,Mixed,Misuse of Drugs Act 1971 (section 23),Evidence of offences under the Act,A no further action disposal,True,False
Person and Vehicle search,2022-12-15T00:00:00+00:00,,,51.605490,-2.525263,Male,25-34,Mixed/Multiple ethnic groups - White and Black African,Mixed,Misuse of Drugs Act 1971 (section 23),Evidence of offences under the Act,A no further action disposal,True,False
Person search,2022-12-15T00:00:00+00:00,,,51.500977,-2.592434,Male,25-34,Other ethnic group - Not stated,,Misuse of Drugs Act 1971 (section 23),Controlled drugs,,,False
Person search,2022-12-15T00:00:00+00:00,,,51.497922,-2.597364,Male,over 34,White - English/Welsh/Scottish/Northern Irish/British,White,Misuse of Drugs Act 1971 (section 23),Controlled drugs,,False,True
Vehicle search,2022-12-15T00:00:00+00:00,,,51.145372,-2.971081,,,,,Misuse of Drugs Act 1971 (section 23),Controlled drugs,,,
Person search,2022-12-15T00:00:00+00:00,,,51.498152,-2.617218,Male,over 34,White - English/Welsh/Scottish/Northern Irish/British,White,Misuse of Drugs Act 1971 (section 23),Controlled drugs,,,False
Vehicle search,2022-12-15T00:00:00+00:00,,,,,,,,,,,,,
Person and Vehicle search,2022-12-15T00:00:00+00:00,,,51.392085,-2.352617,Female,over 34,Other ethnic group - Not stated,White,Misuse of Drugs Act 1971 (section 23),Controlled drugs,,,False
Person search,2022-12-15T00:00:00+00:00,,,51.486332,-2.586584,Male,18-24,,Mixed,Police and Criminal Evidence Act 1984 (section 1),Offensive weapons,Arrest,True,False
Vehicle search,2022-12-16T00:00:00+00:00,,,51.502224,-2.691484,,,,,Misuse of Drugs Act 1971 (section 23),Controlled drugs,,True,
Person search,2022-12-16T00:00:00+00:00,,,51.129339,-3.005100,Male,18-24,White - English/Welsh/Scottish/Northern Irish/British,White,Misuse of Drugs Act 1971 (section 23),Controlled drugs,,False,False
Person and Vehicle search,2022-12-16T00:00:00+00:00,,,51.439197,-2.551623,Male,18-24,White - Any other White background,White,Misuse of Drugs Act 1971 (section 23),Controlled drugs,Arrest,,False
Person and Vehicle search,2022-12-16T00:00:00+00:00,,,51.491501,-2.602739,Male,over 34,,Black,Misuse of Drugs Act 1971 (section 23),Controlled drugs,,,False
Person and Vehicle search,2022-12-16T00:00:00+00:00,,,51.491501,-2.602739,Male,18-24,Black/African/Caribbean/Black British - Any other Black/African/Caribbean background,Black,Misuse of Drugs Act 1971 (section 23),Controlled drugs,,,False
Person and Vehicle search,2022-12-16T00:00:00+00:00,,,,,Female,,Other ethnic group - Not stated,Asian,Misuse of Drugs Act 1971 (section 23),Controlled drugs,,,False
Person and Vehicle search,2022-12-16T00:00:00+00:00,,,51.129339,-3.005100,Male,18-24,White - English/Welsh/Scottish/Northern Irish/British,White,Misuse of Drugs Act 1971 (section 23),Controlled drugs,Khat or Cannabis warning,True,False
Person search,2022-12-16T00:00:00+00:00,,,51.312826,-2.838093,Male,10-17,White - English/Welsh/Scottish/Northern Irish/British,White,Misuse of Drugs Act 1971 (section 23),Controlled drugs,,,False
Person search,2022-12-16T00:00:00+00:00,,,51.127506,-3.004931,Male,25-34,Other ethnic group - Not stated,White,Police and Criminal Evidence Act 1984 (section 1),,,False,False
Person and Vehicle search,2022-12-16T00:00:00+00:00,,,51.439197,-2.551623,Male,25-34,Asian/Asian British - Bangladeshi,Asian,Misuse of Drugs Act 1971 (section 23),Controlled drugs,Arrest,,False
Person search,2022-12-16T00:00:00+00:00,,,51.506529,-2.595085,Male,over 34,White - English/Welsh/Scottish/Northern Irish/British,White,Police and Criminal Evidence Act 1984 (section 1),Offensive weapons,,,False
Person search,2022-12-16T00:00:00+00:00,,,51.525605,-2.595396,Male,10-17,White - English/Welsh/Scottish/Northern Irish/British,White,Police and Criminal Evidence Act 1984 (section 1),Offensive weapons,,,False
Person and Vehicle search,2022-12-16T00:00:00+00:00,,,,,Male,18-24,Other ethnic group - Not stated,Asian,Misuse of Drugs Act 1971 (section 23),Controlled drugs,,,False
Person and Vehicle search,2022-12-16T00:00:00+00:00,,,51.129339,-3.005100,Male,18-24,White - English/Welsh/Scottish/Northern Irish/British,White,Misuse of Drugs Act 1971 (section 23),Controlled drugs,Arrest,True,True
Person search,2022-12-17T00:00:00+00:00,,,51.507959,-2.595104,Male,10-17,Other ethnic group - Not stated,Black,Police and Criminal Evidence Act 1984 (section 1),Article for use in theft,,,False
Person search,2022-12-17T00:00:00+00:00,,,,,Male,10-17,White - English/Welsh/Scottish/Northern Irish/British,White,Police and Criminal Evidence Act 1984 (section 1),Stolen goods,A no further action disposal,True,False
Person search,2022-12-17T00:00:00+00:00,,,51.525019,-2.540725,Male,25-34,White - Any other White background,White,Police and Criminal Evidence Act 1984 (section 1),Stolen goods,,,False
Person search,2022-12-17T00:00:00+00:00,,,51.507959,-2.595104,Male,10-17,Other ethnic group - Not stated,,Police and Criminal Evidence Act 1984 (section 1),Articles for use in criminal damage,,,False
Person search,2022-12-17T00:00:00+00:00,,,51.191325,-2.548342,Male,25-34,White - English/Welsh/Scottish/Northern Irish/British,White,Misuse of Drugs Act 1971 (section 23),Controlled drugs,Arrest,True,True
Person search,2022-12-17T00:00:00+00:00,,,,,Male,10-17,White - English/Welsh/Scottish/Northern Irish/British,White,Police and Criminal Evidence Act 1984 (section 1),Stolen goods,A no further action disposal,True,False
Person search,2022-12-17T00:00:00+00:00,,,,,Male,25-34,Other ethnic group - Not stated,Asian,Misuse of Drugs Act 1971 (section 23),Controlled drugs,Khat or Cannabis warning,True,False
Person and Vehicle search,2022-12-17T00:00:00+00:00,,,51.480732,-2.519494,Male,18-24,Black/African/Caribbean/Black British - African,Black,Misuse of Drugs Act 1971 (section 23),,,False,False
Person and Vehicle search,2022-12-17T00:00:00+00:00,,,51.480732,-2.519494,Male,18-24,White - English/Welsh/Scottish/Northern Irish/British,White,Misuse of Drugs Act 1971 (section 23),Controlled drugs,,False,False
Person search,2022-12-17T00:00:00+00:00,,,51.501130,-2.544274,Male,18-24,White - English/Welsh/Scottish/Northern Irish/British,White,Misuse of Drugs Act 1971 (section 23),Controlled drugs,,,False
Person search,2022-12-17T00:00:00+00:00,,,50.980269,-3.235001,Male,18-24,White - English/Welsh/Scottish/Northern Irish/British,White,Police and Criminal Evidence Act 1984 (section 1),Article for use in theft,Community resolution,True,False
Person search,2022-12-17T00:00:00+00:00,,,,,Male,10-17,White - English/Welsh/Scottish/Northern Irish/British,White,Police and Criminal Evidence Act 1984 (section 1),Stolen goods,,,False
Person search,2022-12-17T00:00:00+00:00,,,50.980269,-3.235001,Male,18-24,White - English/Welsh/Scottish/Northern Irish/British,White,Police and Criminal Evidence Act 1984 (section 1),Article for use in theft,,,False
Person search,2022-12-18T00:00:00+00:00,,,51.399614,-2.339364,Male,25-34,White - Any other White background,White,Misuse of Drugs Act 1971 (section 23),Controlled drugs,,,False
Person search,2022-12-18T00:00:00+00:00,,,51.531134,-2.568952,Male,over 34,White - English/Welsh/Scottish/Northern Irish/British,White,Police and Criminal Evidence Act 1984 (section 1),Article for use in theft,,,False
Person search,2022-12-18T00:00:00+00:00,,,51.531134,-2.568952,Male,25-34,White - English/Welsh/Scottish/Northern Irish/British,White,Police and Criminal Evidence Act 1984 (section 1),Stolen goods,,,False
Person search,2022-12-18T00:00:00+00:00,,,51.286939,-2.812527,Male,18-24,White - English/Welsh/Scottish/Northern Irish/British,White,Police and Criminal Evidence Act 1984 (section 1),Controlled drugs,,,False
Person search,2022-12-18T00:00:00+00:00,,,51.387847,-2.704043,Male,over 34,White - Irish,White,Police and Criminal Evidence Act 1984 (section 1),Offensive weapons,,,False
Person search,2022-12-18T00:00:00+00:00,,,51.498152,-2.617218,Male,25-34,Other ethnic group - Not stated,Mixed,Misuse of Drugs Act 1971 (section 23),Controlled drugs,Khat or Cannabis warning,True,False
Person search,2022-12-18T00:00:00+00:00,,,51.131585,-3.004248,Male,18-24,White - English/Welsh/Scottish/Northern Irish/British,White,Police and Criminal Evidence Act 1984 (section 1),Goods on which duty has not been paid etc.,,,False
Person search,2022-12-18T00:00:00+00:00,,,51.525064,-2.601640,Male,10-17,White - English/Welsh/Scottish/Northern Irish/British,White,Police and Criminal Evidence Act 1984 (section 1),Article for use in theft,,,False
Person search,2022-12-18T00:00:00+00:00,,,51.450094,-2.599344,Male,18-24,White - English/Welsh/Scottish/Northern Irish/British,White,Police and Criminal Evidence Act 1984 (section 1),Offensive weapons,,,False
Vehicle search,2022-12-18T00:00:00+00:00,,,51.455474,-2.597126,,,,,Police and Criminal Evidence Act 1984 (section 1),Offensive weapons,A no further action disposal,False,
Person search,2022-12-18T00:00:00+00:00,,,51.498152,-2.617218,Female,25-34,White - English/Welsh/Scottish/Northern Irish/British,White,Misuse of Drugs Act 1971 (section 23),Controlled drugs,Khat or Cannabis warning,True,False
Person search,2022-12-18T00:00:00+00:00,,,51.525064,-2.601640,Male,25-34,White - English/Welsh/Scottish/Northern Irish/British,White,Police and Criminal Evidence Act 1984 (section 1),Article for use in theft,,,False
Person search,2022-12-19T00:00:00+00:00,,,51.351560,-2.979943,Male,10-17,White - Any other White background,White,Misuse of Drugs Act 1971 (section 23),Controlled drugs,,,False
Person search,2022-12-19T00:00:00+00:00,,,,,Female,over 34,White - English/Welsh/Scottish/Northern Irish/British,White,,,,,
Person and Vehicle search,2022-12-19T00:00:00+00:00,,,,,Male,over 34,White - Any other White background,White,Police and Criminal Evidence Act 1984 (section 1),Offensive weapons,,,False
Person and Vehicle search,2022-12-19T00:00:00+00:00,,,51.127368,-3.008372,Male,over 34,White - English/Welsh/Scottish/Northern Irish/British,White,Police and Criminal Evidence Act 1984 (section 1),Offensive weapons,,,False
Person search,2022-12-19T00:00:00+00:00,,,51.466184,-2.569857,Male,over 34,Other ethnic group - Not stated,Black,Misuse of Drugs Act 1971 (section 23),Offensive weapons,,,False
Person search,2022-12-19T00:00:00+00:00,,,,,Male,18-24,White - English/Welsh/Scottish/Northern Irish/British,White,Misuse of Drugs Act 1971 (section 23),Controlled drugs,,,False
Person search,2022-12-19T00:00:00+00:00,,,,,Male,18-24,White - English/Welsh/Scottish/Northern Irish/British,White,Misuse of Drugs Act 1971 (section 23),Controlled drugs,,,False
Person search,2022-12-19T00:00:00+00:00,,,51.382078,-2.361061,Male,over 34,White - English/Welsh/Scottish/Northern Irish/British,White,Misuse of Drugs Act 1971 (section 23),Controlled drugs,,,False
Person search,2022-12-19T00:00:00+00:00,,,51.208643,-2.647166,Female,25-34,Other ethnic group - Not stated,Asian,Misuse of Drugs Act 1971 (section 23),Controlled drugs,,,False
Person search,2022-12-19T00:00:00+00:00,,,51.480620,-2.590662,Female,25-34,White - English/Welsh/Scottish/Northern Irish/British,White,Misuse of Drugs Act 1971 (section 23),Controlled drugs,,,True
Person search,2022-12-19T00:00:00+00:00,,,,,Male,25-34,White - English/Welsh/Scottish/Northern Irish/British,White,Misuse of Drugs Act 1971 (section 23),Controlled drugs,Arrest,True,False
Person search,2022-12-19T00:00:00+00:00,,,51.457626,-2.563820,Male,25-34,,,,,,,
Person search,2022-12-19T00:00:00+00:00,,,,,Female,25-34,White - English/Welsh/Scottish/Northern Irish/British,White,,,,,
Person search,2022-12-19T00:00:00+00:00,,,51.428054,-2.583694,Male,18-24,Other ethnic group - Not stated,White,Misuse of Drugs Act 1971 (section 23),Controlled drugs,,,False
Person and Vehicle search,2022-12-20T00:00:00+00:00,,,,,Female,over 34,White - English/Welsh/Scottish/Northern Irish/British,White,Misuse of Drugs Act 1971 (section 23),Controlled drugs,,,False
Person and Vehicle search,2022-12-20T00:00:00+00:00,,,51.470657,-2.563362,Male,25-34,Black/African/Caribbean/Black British - Any other Black/African/Caribbean background,Asian,Misuse of Drugs Act 1971 (section 23),Controlled drugs,,,False
Person search,2022-12-20T00:00:00+00:00,,,51.452961,-2.596173,Male,25-34,Other ethnic group - Not stated,Black,Police and Criminal Evidence Act 1984 (section 1),Offensive weapons,,,False
Person search,2022-12-20T00:00:00+00:00,,,51.501096,-2.609493,Male,18-24,Black/African/Caribbean/Black British - Caribbean,Black,Misuse of Drugs Act 1971 (section 23),Controlled drugs,Arrest,,False
Person search,2022-12-20T00:00:00+00:00,,,51.187700,-2.552621,Male,over 34,White - English/Welsh/Scottish/Northern Irish/British,White,Misuse of Drugs Act 1971 (section 23),Controlled drugs,,,False
Person search,2022-12-20T00:00:00+00:00,,,51.126025,-3.010801,Male,over 34,White - English/Welsh/Scottish/Northern Irish/British,White,Police and Criminal Evidence Act 1984 (section 1),Offensive weapons,,,False
Person and Vehicle search,2022-12-20T00:00:00+00:00,,,51.449902,-2.515028,Male,25-34,Other ethnic group - Not stated,Asian,Police and Criminal Evidence Act 1984 (section 1),,,,False
Person and Vehicle search,2022-12-20T00:00:00+00:00,,,51.473962,-2.595136,Male,18-24,White - English/Welsh/Scottish/Northern Irish/British,White,Misuse of Drugs Act 1971 (section 23),Controlled drugs,,,False
Person and Vehicle search,2022-12-20T00:00:00+00:00,,,51.473962,-2.595136,Male,18-24,Mixed/Multiple ethnic groups - Any other Mixed/Multiple ethnic background,Asian,Misuse of Drugs Act 1971 (section 23),Controlled drugs,,,False
Person and Vehicle search,2022-12-20T00:00:00+00:00,,,51.473962,-2.595136,Male,18-24,White - English/Welsh/Scottish/Northern Irish/British,White,Misuse of Drugs Act 1971 (section 23),Controlled drugs,,,False
Person and Vehicle search,2022-12-20T00:00:00+00:00,,,50.944520,-2.741321,Male,10-17,White - English/Welsh/Scottish/Northern Irish/British,White,Misuse of Drugs Act 1971 (section 23),Controlled drugs,Khat or Cannabis warning,True,False
Person search,2022-12-20T00:00:00+00:00,,,,,Male,10-17,White - English/Welsh/Scottish/Northern Irish/British,White,Misuse of Drugs Act 1971 (section 23),Controlled drugs,Community resolution,True,False
Person search,2022-12-20T00:00:00+00:00,,,51.460572,-2.573702,Male,10-17,Black/African/Caribbean/Black British - African,Mixed,Misuse of Drugs Act 1971 (section 23),Controlled drugs,Arrest,True,False
Person search,2022-12-20T00:00:00+00:00,,,,,Female,over 34,White - English/Welsh/Scottish/Northern Irish/British,White,,Stolen goods,,,False
Person search,2022-12-20T00:00:00+00:00,,,51.470300,-2.528071,Male,10-17,Black/African/Caribbean/Black British - Caribbean,Black,Police and Criminal Evidence Act 1984 (section 1),Offensive weapons,,,False
Person search,2022-12-20T00:00:00+00:00,,,51.502582,-2.602223,Male,10-17,White - English/Welsh/Scottish/Northern Irish/British,White,Misuse of Drugs Act 1971 (section 23),Controlled drugs,,,False
Person and Vehicle search,2022-12-20T00:00:00+00:00,,,,,Female,25-34,White - English/Welsh/Scottish/Northern Irish/British,White,Misuse of Drugs Act 1971 (section 23),Controlled drugs,,,False
Person search,2022-12-20T00:00:00+00:00,,,51.501252,-2.609063,Male,over 34,White - English/Welsh/Scottish/Northern Irish/British,White,Misuse of Drugs Act 1971 (section 23),Controlled drugs,,,False
Person search,2022-12-20T00:00:00+00:00,,,51.501252,-2.609063,Female,over 34,White - English/Welsh/Scottish/Northern Irish/British,White,Misuse of Drugs Act 1971 (section 23),Controlled drugs,,,False
Person search,2022-12-20T00:00:00+00:00,,,51.501252,-2.609063,Male,over 34,White - English/Welsh/Scottish/Northern Irish/British,White,Misuse of Drugs Act 1971 (section 23),Controlled drugs,,,False
Person search,2022-12-20T00:00:00+00:00,,,50.877869,-2.951877,Female,25-34,White - English/Welsh/Scottish/Northern Irish/British,White,Misuse of Drugs Act 1971 (section 23),Controlled drugs,,,False
Person search,2022-12-20T00:00:00+00:00,,,51.525605,-2.595396,Male,25-34,Black/African/Caribbean/Black British - Any other Black/African/Caribbean background,Black,Police and Criminal Evidence Act 1984 (section 1),Evidence of offences under the Act,Arrest,True,False
Person search,2022-12-20T00:00:00+00:00,,,51.493708,-2.603862,Male,25-34,White - English/Welsh/Scottish/Northern Irish/British,White,Misuse of Drugs Act 1971 (section 23),Controlled drugs,Summons / charged by post,True,True
Person search,2022-12-20T00:00:00+00:00,,,51.501096,-2.609493,Female,over 34,Other ethnic group - Not stated,White,Misuse of Drugs Act 1971 (section 23),Controlled drugs,,,False
Person search,2022-12-20T00:00:00+00:00,,,51.431600,-2.511859,Male,18-24,White - English/Welsh/Scottish/Northern Irish/British,White,Police and Criminal Evidence Act 1984 (section 1),Article for use in theft,,,False
Person search,2022-12-20T00:00:00+00:00,,,51.431600,-2.511859,Male,18-24,White - English/Welsh/Scottish/Northern Irish/British,White,Police and Criminal Evidence Act 1984 (section 1),Article for use in theft,,,False
Person search,2022-12-20T00:00:00+00:00,,,51.437473,-2.496761,Male,25-34,Other ethnic group - Not stated,Black,Police and Criminal Evidence Act 1984 (section 1),Offensive weapons,,,False
Person search,2022-12-21T00:00:00+00:00,,,51.461216,-2.495536,Male,10-17,Other ethnic group - Not stated,White,Police and Criminal Evidence Act 1984 (section 1),Offensive weapons,,,False
Person search,2022-12-21T00:00:00+00:00,,,51.462667,-2.590023,Male,over 34,Black/African/Caribbean/Black British - Caribbean,Black,Misuse of Drugs Act 1971 (section 23),Controlled drugs,,,False
Person search,2022-12-21T00:00:00+00:00,,,51.435731,-2.591215,Male,25-34,White - English/Welsh/Scottish/Northern Irish/British,White,Police and Criminal Evidence Act 1984 (section 1),Articles for use in criminal damage,,,False
Person and Vehicle search,2022-12-21T00:00:00+00:00,,,51.385038,-2.388776,Male,25-34,Other ethnic group - Not stated,White,Misuse of Drugs Act 1971 (section 23),Controlled drugs,Arrest,True,False
Person and Vehicle search,2022-12-21T00:00:00+00:00,,,51.385038,-2.388776,Male,over 34,White - English/Welsh/Scottish/Northern Irish/British,White,Misuse of Drugs Act 1971 (section 23),Controlled drugs,,,False
Person search,2022-12-21T00:00:00+00:00,,,51.453357,-2.597833,Male,18-24,,Other,Police and Criminal Evidence Act 1984 (section 1),Offensive weapons,,,False
Person search,2022-12-21T00:00:00+00:00,,,51.414399,-2.553251,Male,10-17,White - English/Welsh/Scottish/Northern Irish/British,White,Police and Criminal Evidence Act 1984 (section 1),Offensive weapons,,,False
Person and Vehicle search,2022-12-21T00:00:00+00:00,,,51.020745,-3.103836,Male,10-17,White - English/Welsh/Scottish/Northern Irish/British,White,Police and Criminal Evidence Act 1984 (section 1),Stolen goods,,,False
Person search,2022-12-21T00:00:00+00:00,,,51.420598,-2.571332,Male,25-34,White - English/Welsh/Scottish/Northern Irish/British,White,Police and Criminal Evidence Act 1984 (section 1),Articles for use in criminal damage,,,False
Person search,2022-12-21T00:00:00+00:00,,,51.475292,-2.545291,Male,over 34,White - Any other White background,White,Misuse of Drugs Act 1971 (section 23),Controlled drugs,,,False
Person search,2022-12-21T00:00:00+00:00,,,51.460967,-2.590217,Male,25-34,White - English/Welsh/Scottish/Northern Irish/British,White,Misuse of Drugs Act 1971 (section 23),Controlled drugs,,,False
Person and Vehicle search,2022-12-21T00:00:00+00:00,,,51.019123,-3.105180,Male,18-24,White - English/Welsh/Scottish/Northern Irish/British,White,Police and Criminal Evidence Act 1984 (section 1),Stolen goods,Arrest,True,False
Person and Vehicle search,2022-12-21T00:00:00+00:00,,,51.020745,-3.103836,Male,18-24,White - English/Welsh/Scottish/Northern Irish/British,White,Police and Criminal Evidence Act 1984 (section 1),Stolen goods,,,False
Person and Vehicle search,2022-12-21T00:00:00+00:00,,,51.020745,-3.103836,Male,10-17,White - English/Welsh/Scottish/Northern Irish/British,White,Police and Criminal Evidence Act 1984 (section 1),Stolen goods,,,False
Person search,2022-12-21T00:00:00+00:00,,,51.548157,-2.426435,Female,18-24,White - English/Welsh/Scottish/Northern Irish/British,White,Misuse of Drugs Act 1971 (section 23),Controlled drugs,,,False
Person search,2022-12-21T00:00:00+00:00,,,51.418334,-2.589164,Male,10-17,White - English/Welsh/Scottish/Northern Irish/British,White,Police and Criminal Evidence Act 1984 (section 1),Offensive weapons,,,False
Person search,2022-12-21T00:00:00+00:00,,,51.418334,-2.589164,Male,10-17,Other ethnic group - Not stated,,Police and Criminal Evidence Act 1984 (section 1),Offensive weapons,,,False
Person search,2022-12-21T00:00:00+00:00,,,51.137086,-2.983371,Male,18-24,Other ethnic group - Not stated,White,Police and Criminal Evidence Act 1984 (section 1),Offensive weapons,,,False
Person search,2022-12-21T00:00:00+00:00,,,51.381578,-2.360052,Male,25-34,Other ethnic group - Not stated,Mixed,Police and Criminal Evidence Act 1984 (section 1),,,,False
Person search,2022-12-21T00:00:00+00:00,,,51.453357,-2.597833,Male,18-24,,Other,Police and Criminal Evidence Act 1984 (section 1),Offensive weapons,,,False
Person search,2022-12-22T00:00:00+00:00,,,51.347233,-2.975759,Female,10-17,White - English/Welsh/Scottish/Northern Irish/British,White,Misuse of Drugs Act 1971 (section 23),Controlled drugs,,,False
Person search,2022-12-22T00:00:00+00:00,,,,,Female,over 34,White - Any other White background,White,Police and Criminal Evidence Act 1984 (section 1),Firearms,A no further action disposal,,False
Person and Vehicle search,2022-12-22T00:00:00+00:00,,,51.162900,-2.986923,Female,25-34,White - English/Welsh/Scottish/Northern Irish/British,White,Misuse of Drugs Act 1971 (section 23),Controlled drugs,,,False
Person and Vehicle search,2022-12-22T00:00:00+00:00,,,51.456219,-2.595654,Male,18-24,Other ethnic group - Any other ethnic group,Black,Police and Criminal Evidence Act 1984 (section 1),Article for use in theft,,,False
Person search,2022-12-22T00:00:00+00:00,,,51.461496,-2.574189,Male,25-34,Other ethnic group - Not stated,,Misuse of Drugs Act 1971 (section 23),Controlled drugs,,,False
Person search,2022-12-22T00:00:00+00:00,,,51.461496,-2.574189,Male,,Other ethnic group - Not stated,Black,Misuse of Drugs Act 1971 (section 23),Controlled drugs,,,False
Person search,2022-12-22T00:00:00+00:00,,,51.461496,-2.574189,Male,over 34,Other ethnic group - Not stated,White,Misuse of Drugs Act 1971 (section 23),Controlled drugs,,,False
Person search,2022-12-22T00:00:00+00:00,,,51.131167,-3.002738,Female,over 34,White - English/Welsh/Scottish/Northern Irish/British,White,Police and Criminal Evidence Act 1984 (section 1),Offensive weapons,,,False
Person and Vehicle search,2022-12-22T00:00:00+00:00,,,51.464084,-2.590833,Male,25-34,Black/African/Caribbean/Black British - African,Mixed,Misuse of Drugs Act 1971 (section 23),Controlled drugs,Arrest,True,False
Person search,2022-12-22T00:00:00+00:00,,,51.459290,-2.576637,Male,over 34,Other ethnic group - Not stated,White,Police and Criminal Evidence Act 1984 (section 1),Stolen goods,,,False
Person and Vehicle search,2022-12-22T00:00:00+00:00,,,51.162900,-2.986923,Male,25-34,White - English/Welsh/Scottish/Northern Irish/British,White,Misuse of Drugs Act 1971 (section 23),Controlled drugs,,,False
Person and Vehicle search,2022-12-23T00:00:00+00:00,,,,,Male,18-24,White - English/Welsh/Scottish/Northern Irish/British,White,Misuse of Drugs Act 1971 (section 23),Controlled drugs,Khat or Cannabis warning,True,False
Person search,2022-12-23T00:00:00+00:00,,,51.026292,-3.148980,Male,25-34,White - English/Welsh/Scottish/Northern Irish/British,White,Misuse of Drugs Act 1971 (section 23),Controlled drugs,Arrest,True,False
Person and Vehicle search,2022-12-23T00:00:00+00:00,,,51.127530,-3.002131,Male,over 34,,White,Misuse of Drugs Act 1971 (section 23),Controlled drugs,Arrest,,False
Person search,2022-12-23T00:00:00+00:00,,,51.380028,-2.358042,Male,25-34,White - English/Welsh/Scottish/Northern Irish/British,White,Police and Criminal Evidence Act 1984 (section 1),Offensive weapons,,,False
Person search,2022-12-23T00:00:00+00:00,,,51.482557,-2.571847,Male,over 34,White - English/Welsh/Scottish/Northern Irish/British,White,Misuse of Drugs Act 1971 (section 23),Controlled drugs,,,False
Person search,2022-12-23T00:00:00+00:00,,,51.482557,-2.571847,Male,25-34,White - English/Welsh/Scottish/Northern Irish/British,White,Misuse of Drugs Act 1971 (section 23),Controlled drugs,,,False
Person search,2022-12-23T00:00:00+00:00,,,51.442329,-2.578984,Female,25-34,White - English/Welsh/Scottish/Northern Irish/British,White,Misuse of Drugs Act 1971 (section 23),Controlled drugs,Community resolution,True,False
Person search,2022-12-23T00:00:00+00:00,,,51.443759,-2.595117,Male,18-24,,,Misuse of Drugs Act 1971 (section 23),Controlled drugs,Arrest,True,False
Person and Vehicle search,2022-12-23T00:00:00+00:00,,,51.434469,-2.558903,Male,over 34,Other ethnic group - Not stated,White,Misuse of Drugs Act 1971 (section 23),Controlled drugs,Arrest,True,False
Person search,2022-12-23T00:00:00+00:00,,,51.426152,-2.852865,Male,25-34,White - English/Welsh/Scottish/Northern Irish/British,White,Misuse of Drugs Act 1971 (section 23),Controlled drugs,,,False
Person and Vehicle search,2022-12-23T00:00:00+00:00,,,51.384980,-2.358799,Male,18-24,Other ethnic group - Not stated,Black,Misuse of Drugs Act 1971 (section 23),Controlled drugs,,,False
Person and Vehicle search,2022-12-23T00:00:00+00:00,,,51.384980,-2.358799,Male,18-24,White - English/Welsh/Scottish/Northern Irish/British,White,Misuse of Drugs Act 1971 (section 23),Controlled drugs,,,False
Person and Vehicle search,2022-12-23T00:00:00+00:00,,,51.434469,-2.558903,Male,over 34,Other ethnic group - Not stated,White,Misuse of Drugs Act 1971 (section 23),Controlled drugs,Arrest,True,False
Person search,2022-12-23T00:00:00+00:00,,,51.443759,-2.595117,Male,18-24,,,Misuse of Drugs Act 1971 (section 23),Controlled drugs,Arrest,True,False
Person search,2022-12-23T00:00:00+00:00,,,51.466184,-2.569857,Male,over 34,,Other,Police and Criminal Evidence Act 1984 (section 1),Offensive weapons,,,False
Person search,2022-12-23T00:00:00+00:00,,,51.459566,-2.588069,Male,10-17,Black/African/Caribbean/Black British - Caribbean,Black,Police and Criminal Evidence Act 1984 (section 1),Stolen goods,,,False
Person search,2022-12-23T00:00:00+00:00,,,51.459566,-2.588069,Male,10-17,Other ethnic group - Not stated,,Police and Criminal Evidence Act 1984 (section 1),Stolen goods,,,False
Person and Vehicle search,2022-12-23T00:00:00+00:00,,,51.377273,-2.376469,Male,over 34,Other ethnic group - Not stated,White,Misuse of Drugs Act 1971 (section 23),Controlled drugs,,False,False
Person and Vehicle search,2022-12-23T00:00:00+00:00,,,51.377273,-2.376469,,under 10,Other ethnic group - Not stated,White,Misuse of Drugs Act 1971 (section 23),Controlled drugs,,,False
Person search,2022-12-23T00:00:00+00:00,,,,,Male,18-24,,Mixed,Police and Criminal Evidence Act 1984 (section 1),Offensive weapons,,,False
Person search,2022-12-24T00:00:00+00:00,,,51.127021,-2.996461,Male,18-24,White - English/Welsh/Scottish/Northern Irish/British,White,Police and Criminal Evidence Act 1984 (section 1),Offensive weapons,,,False
Person search,2022-12-24T00:00:00+00:00,,,51.351560,-2.979943,Male,10-17,Other ethnic group - Not stated,White,Police and Criminal Evidence Act 1984 (section 1),Offensive weapons,,,False
Person search,2022-12-24T00:00:00+00:00,,,51.165200,-2.990419,Male,18-24,White - English/Welsh/Scottish/Northern Irish/British,White,Police and Criminal Evidence Act 1984 (section 1),Article for use in theft,,,False
Person search,2022-12-24T00:00:00+00:00,,,51.165200,-2.990419,Female,18-24,White - English/Welsh/Scottish/Northern Irish/British,White,Police and Criminal Evidence Act 1984 (section 1),,,,False
Person and Vehicle search,2022-12-24T00:00:00+00:00,,,51.526961,-2.613673,Female,18-24,White - English/Welsh/Scottish/Northern Irish/British,White,Police and Criminal Evidence Act 1984 (section 1),Article for use in theft,,,False
Person search,2022-12-24T00:00:00+00:00,,,51.422143,-2.591543,Male,18-24,Other ethnic group - Any other ethnic group,White,Police and Criminal Evidence Act 1984 (section 1),Offensive weapons,,,False
Person search,2022-12-24T00:00:00+00:00,,,51.351560,-2.979943,Male,10-17,Other ethnic group - Not stated,White,Police and Criminal Evidence Act 1984 (section 1),Offensive weapons,,,False
Person search,2022-12-24T00:00:00+00:00,,,51.380679,-2.356912,Male,10-17,White - English/Welsh/Scottish/Northern Irish/British,White,Misuse of Drugs Act 1971 (section 23),Controlled drugs,Arrest,True,False
Person search,2022-12-24T00:00:00+00:00,,,50.940553,-2.628050,Male,18-24,White - English/Welsh/Scottish/Northern Irish/British,White,Misuse of Drugs Act 1971 (section 23),Controlled drugs,,,False
Person search,2022-12-24T00:00:00+00:00,,,51.458559,-2.589740,Male,over 34,White - English/Welsh/Scottish/Northern Irish/British,White,Police and Criminal Evidence Act 1984 (section 1),Stolen goods,,,False
Person search,2022-12-24T00:00:00+00:00,,,51.127021,-2.996461,Male,10-17,White - English/Welsh/Scottish/Northern Irish/British,White,Police and Criminal Evidence Act 1984 (section 1),Offensive weapons,A no further action disposal,True,False
Person search,2022-12-24T00:00:00+00:00,,,51.205921,-2.657964,Male,25-34,Other ethnic group - Not stated,White,Misuse of Drugs Act 1971 (section 23),Controlled drugs,A no further action disposal,True,False
Person and Vehicle search,2022-12-24T00:00:00+00:00,,,51.526961,-2.613673,Female,18-24,White - English/Welsh/Scottish/Northern Irish/British,White,Police and Criminal Evidence Act 1984 (section 1),Article for use in theft,,,False
Person search,2022-12-24T00:00:00+00:00,,,51.456903,-2.595389,Male,18-24,White - English/Welsh/Scottish/Northern Irish/British,White,Misuse of Drugs Act 1971 (section 23),Controlled drugs,,,False
Person and Vehicle search,2022-12-24T00:00:00+00:00,,,51.526961,-2.613673,Female,25-34,White - English/Welsh/Scottish/Northern Irish/British,White,Police and Criminal Evidence Act 1984 (section 1),Article for use in theft,,,False
Person search,2022-12-24T00:00:00+00:00,,,51.459290,-2.576637,Male,10-17,Other ethnic group - Not stated,Black,Misuse of Drugs Act 1971 (section 23),Controlled drugs,,,False
Person and Vehicle search,2022-12-24T00:00:00+00:00,,,51.526961,-2.613673,Female,over 34,White - English/Welsh/Scottish/Northern Irish/British,White,Police and Criminal Evidence Act 1984 (section 1),Article for use in theft,,,False
Person and Vehicle search,2022-12-24T00:00:00+00:00,,,51.526961,-2.613673,Female,over 34,White - English/Welsh/Scottish/Northern Irish/British,White,Police and Criminal Evidence Act 1984 (section 1),Stolen goods,,,False
Person search,2022-12-24T00:00:00+00:00,,,51.456903,-2.595389,Male,18-24,White - English/Welsh/Scottish/Northern Irish/British,White,Misuse of Drugs Act 1971 (section 23),Controlled drugs,,,False
Person search,2022-12-24T00:00:00+00:00,,,51.165200,-2.990419,Male,18-24,White - English/Welsh/Scottish/Northern Irish/British,White,Police and Criminal Evidence Act 1984 (section 1),,,,False
Person search,2022-12-24T00:00:00+00:00,,,51.442329,-2.578984,Female,25-34,White - English/Welsh/Scottish/Northern Irish/British,White,Misuse of Drugs Act 1971 (section 23),Controlled drugs,Community resolution,True,False
Person search,2022-12-24T00:00:00+00:00,,,51.351560,-2.979943,Male,10-17,White - English/Welsh/Scottish/Northern Irish/British,White,Police and Criminal Evidence Act 1984 (section 1),Offensive weapons,,,False
Person search,2022-12-25T00:00:00+00:00,,,51.133169,-2.996722,Male,18-24,White - English/Welsh/Scottish/Northern Irish/British,White,Misuse of Drugs Act 1971 (section 23),Controlled drugs,,,False
Person and Vehicle search,2022-12-25T00:00:00+00:00,,,51.435042,-2.478148,Male,10-17,White - English/Welsh/Scottish/Northern Irish/British,White,Police and Criminal Evidence Act 1984 (section 1),Article for use in theft,Arrest,,False
Person search,2022-12-25T00:00:00+00:00,,,51.220554,-2.979994,Male,18-24,White - English/Welsh/Scottish/Northern Irish/British,White,Police and Criminal Evidence Act 1984 (section 1),Offensive weapons,,,False
Person and Vehicle search,2022-12-25T00:00:00+00:00,,,51.435042,-2.478148,Male,10-17,White - English/Welsh/Scottish/Northern Irish/British,White,Police and Criminal Evidence Act 1984 (section 1),Article for use in theft,Arrest,True,False
Person search,2022-12-25T00:00:00+00:00,,,51.133169,-2.996722,Male,18-24,White - English/Welsh/Scottish/Northern Irish/British,White,Misuse of Drugs Act 1971 (section 23),Controlled drugs,,,False
Person search,2022-12-25T00:00:00+00:00,,,51.207254,-3.460979,Male,18-24,White - English/Welsh/Scottish/Northern Irish/British,White,Police and Criminal Evidence Act 1984 (section 1),Offensive weapons,,,False
Person search,2022-12-25T00:00:00+00:00,,,51.456118,-2.581562,Male,over 34,Other ethnic group - Not stated,Black,Police and Criminal Evidence Act 1984 (section 1),Offensive weapons,,,False
Person search,2022-12-25T00:00:00+00:00,,,51.221230,-2.977631,Male,18-24,Other ethnic group - Not stated,Mixed,Police and Criminal Evidence Act 1984 (section 1),Offensive weapons,,,False
Person search,2022-12-25T00:00:00+00:00,,,51.483674,-2.531307,Male,over 34,Other ethnic group - Not stated,,Misuse of Drugs Act 1971 (section 23),Controlled drugs,,,False
Person search,2022-12-25T00:00:00+00:00,,,51.459290,-2.576637,Male,under 10,Black/African/Caribbean/Black British - African,Black,Misuse of Drugs Act 1971 (section 23),Controlled drugs,,,True
Person search,2022-12-25T00:00:00+00:00,,,,,Female,25-34,White - English/Welsh/Scottish/Northern Irish/British,White,,,,,
Person search,2022-12-25T00:00:00+00:00,,,51.448129,-2.584310,Male,over 34,Other ethnic group - Not stated,,Police and Criminal Evidence Act 1984 (section 1),,,False,False
Person search,2022-12-25T00:00:00+00:00,,,51.015619,-3.092452,Male,under 10,Black/African/Caribbean/Black British - Any other Black/African/Caribbean background,Black,Misuse of Drugs Act 1971 (section 23),Controlled drugs,,,False
Person search,2022-12-25T00:00:00+00:00,,,51.133169,-2.996722,Male,under 10,White - English/Welsh/Scottish/Northern Irish/British,White,Misuse of Drugs Act 1971 (section 23),Controlled drugs,,,False
Person search,2022-12-26T00:00:00+00:00,,,51.019036,-3.103938,Male,10-17,White - English/Welsh/Scottish/Northern Irish/British,White,Police and Criminal Evidence Act 1984 (section 1),Offensive weapons,,,False
Person and Vehicle search,2022-12-26T00:00:00+00:00,,,51.445212,-2.592187,Male,25-34,Other ethnic group - Not stated,Black,Police and Criminal Evidence Act 1984 (section 1),,,,False
Person search,2022-12-26T00:00:00+00:00,,,51.377969,-2.369549,Male,18-24,,Asian,Police and Criminal Evidence Act 1984 (section 1),Articles for use in criminal damage,,,False
Person search,2022-12-26T00:00:00+00:00,,,51.456118,-2.581562,Male,over 34,Black/African/Caribbean/Black British - African,Black,Police and Criminal Evidence Act 1984 (section 1),Offensive weapons,,,False
Person and Vehicle search,2022-12-26T00:00:00+00:00,,,51.440005,-2.601298,Male,25-34,Other ethnic group - Not stated,Mixed,Police and Criminal Evidence Act 1984 (section 1),Article for use in theft,,False,False
Person and Vehicle search,2022-12-26T00:00:00+00:00,,,51.530693,-2.596496,Female,25-34,White - English/Welsh/Scottish/Northern Irish/British,White,Misuse of Drugs Act 1971 (section 23),Controlled drugs,A no further action disposal,True,True
Person search,2022-12-26T00:00:00+00:00,,,51.460918,-2.572944,Male,10-17,,Other,Misuse of Drugs Act 1971 (section 23),Controlled drugs,,False,False
Person search,2022-12-26T00:00:00+00:00,,,51.340548,-2.912721,Male,over 34,White - English/Welsh/Scottish/Northern Irish/British,White,Police and Criminal Evidence Act 1984 (section 1),Anything to threaten or harm anyone,A no further action disposal,True,False
Person and Vehicle search,2022-12-27T00:00:00+00:00,,,51.458707,-2.578169,Male,18-24,Black/African/Caribbean/Black British - African,Other,Misuse of Drugs Act 1971 (section 23),Controlled drugs,,,False
Person search,2022-12-27T00:00:00+00:00,,,51.461496,-2.574189,,,Other ethnic group - Not stated,Mixed,Misuse of Drugs Act 1971 (section 23),Controlled drugs,Arrest,True,False
Person search,2022-12-27T00:00:00+00:00,,,51.461496,-2.574189,Male,25-34,Other ethnic group - Not stated,Mixed,Misuse of Drugs Act 1971 (section 23),Controlled drugs,,,False
Person and Vehicle search,2022-12-27T00:00:00+00:00,,,51.458707,-2.578169,Male,,Black/African/Caribbean/Black British - African,Other,Misuse of Drugs Act 1971 (section 23),Controlled drugs,A no further action disposal,True,False
Person search,2022-12-27T00:00:00+00:00,,,51.461496,-2.574189,Male,10-17,Black/African/Caribbean/Black British - African,Black,Misuse of Drugs Act 1971 (section 23),Controlled drugs,,,False
Person search,2022-12-27T00:00:00+00:00,,,51.461496,-2.574189,Male,25-34,Black/African/Caribbean/Black British - African,Black,Misuse of Drugs Act 1971 (section 23),Controlled drugs,Arrest,True,True
Person and Vehicle search,2022-12-27T00:00:00+00:00,,,51.471075,-2.515569,Male,25-34,White - English/Welsh/Scottish/Northern Irish/British,White,Misuse of Drugs Act 1971 (section 23),Controlled drugs,Community resolution,True,True
Person search,2022-12-27T00:00:00+00:00,,,51.403680,-2.551684,Male,18-24,Other ethnic group - Not stated,White,Police and Criminal Evidence Act 1984 (section 1),Offensive weapons,,,False
Person search,2022-12-27T00:00:00+00:00,,,51.335406,-2.955339,Female,10-17,White - English/Welsh/Scottish/Northern Irish/British,White,Police and Criminal Evidence Act 1984 (section 1),Offensive weapons,,,False
Person search,2022-12-27T00:00:00+00:00,,,51.335406,-2.955339,Female,10-17,White - English/Welsh/Scottish/Northern Irish/British,White,Police and Criminal Evidence Act 1984 (section 1),Offensive weapons,,,False
Person and Vehicle search,2022-12-27T00:00:00+00:00,,,51.458707,-2.578169,Male,,Black/African/Caribbean/Black British - African,Other,Misuse of Drugs Act 1971 (section 23),Controlled drugs,,,False
Person search,2022-12-27T00:00:00+00:00,,,51.456776,-2.583197,Male,25-34,Other ethnic group - Not stated,White,Police and Criminal Evidence Act 1984 (section 1),Articles for use in criminal damage,,,False
Person search,2022-12-27T00:00:00+00:00,,,51.335406,-2.955339,Male,10-17,White - English/Welsh/Scottish/Northern Irish/British,White,Police and Criminal Evidence Act 1984 (section 1),Offensive weapons,,,False
Person search,2022-12-27T00:00:00+00:00,,,51.335406,-2.955339,Male,18-24,White - English/Welsh/Scottish/Northern Irish/British,White,Police and Criminal Evidence Act 1984 (section 1),Offensive weapons,,,False
Person search,2022-12-27T00:00:00+00:00,,,51.461496,-2.574189,Male,10-17,Black/African/Caribbean/Black British - African,Black,Misuse of Drugs Act 1971 (section 23),Controlled drugs,,,False
Person search,2022-12-27T00:00:00+00:00,,,,,Male,10-17,Other ethnic group - Not stated,White,Police and Criminal Evidence Act 1984 (section 1),Offensive weapons,,,False
Person search,2022-12-28T00:00:00+00:00,,,51.019797,-3.106143,Female,10-17,White - English/Welsh/Scottish/Northern Irish/British,White,Police and Criminal Evidence Act 1984 (section 1),Stolen goods,,,False
Person and Vehicle search,2022-12-28T00:00:00+00:00,,,51.441746,-2.554532,Female,,,,Police and Criminal Evidence Act 1984 (section 1),,Arrest,True,
Person search,2022-12-28T00:00:00+00:00,,,51.500617,-2.467136,Male,under 10,Black/African/Caribbean/Black British - Any other Black/African/Caribbean background,Black,Police and Criminal Evidence Act 1984 (section 1),Stolen goods,,,False
Person search,2022-12-28T00:00:00+00:00,,,51.407281,-2.591193,Male,18-24,White - English/Welsh/Scottish/Northern Irish/British,White,Police and Criminal Evidence Act 1984 (section 1),Article for use in theft,,False,False
Person and Vehicle search,2022-12-28T00:00:00+00:00,,,51.441746,-2.554532,Male,18-24,,,,,,,
Person and Vehicle search,2022-12-28T00:00:00+00:00,,,51.470788,-2.481617,Male,18-24,Other ethnic group - Any other ethnic group,Mixed,Misuse of Drugs Act 1971 (section 23),Controlled drugs,Khat or Cannabis warning,True,False
Person search,2022-12-28T00:00:00+00:00,,,51.022497,-3.106929,Female,10-17,White - English/Welsh/Scottish/Northern Irish/British,White,Police and Criminal Evidence Act 1984 (section 1),Stolen goods,,,False
Person search,2022-12-28T00:00:00+00:00,,,51.407281,-2.591193,Male,18-24,White - English/Welsh/Scottish/Northern Irish/British,White,Police and Criminal Evidence Act 1984 (section 1),Stolen goods,,,False
Person search,2022-12-28T00:00:00+00:00,,,51.459290,-2.576637,Male,over 34,Black/African/Caribbean/Black British - African,Black,Misuse of Drugs Act 1971 (section 23),Controlled drugs,,,False
Person search,2022-12-28T00:00:00+00:00,,,,,Male,25-34,White - English/Welsh/Scottish/Northern Irish/British,White,Police and Criminal Evidence Act 1984 (section 1),Offensive weapons,,,False
Person search,2022-12-28T00:00:00+00:00,,,,,Female,25-34,Other ethnic group - Not stated,,Police and Criminal Evidence Act 1984 (section 1),Offensive weapons,,,False
Person search,2022-12-28T00:00:00+00:00,,,,,Male,18-24,White - English/Welsh/Scottish/Northern Irish/British,White,Police and Criminal Evidence Act 1984 (section 1),,,,False
Person search,2022-12-28T00:00:00+00:00,,,51.459850,-2.514175,Male,25-34,White - English/Welsh/Scottish/Northern Irish/British,White,Police and Criminal Evidence Act 1984 (section 1),,,,False
Person search,2022-12-28T00:00:00+00:00,,,,,Female,25-34,White - English/Welsh/Scottish/Northern Irish/British,White,Police and Criminal Evidence Act 1984 (section 1),,,,False
Person search,2022-12-28T00:00:00+00:00,,,,,Male,10-17,White - English/Welsh/Scottish/Northern Irish/British,White,Misuse of Drugs Act 1971 (section 23),Controlled drugs,,False,False
Person search,2022-12-28T00:00:00+00:00,,,,,Male,10-17,Black/African/Caribbean/Black British - Caribbean,Black,Misuse of Drugs Act 1971 (section 23),Controlled drugs,,,False
Person search,2022-12-28T00:00:00+00:00,,,51.206456,-3.479377,Male,25-34,White - English/Welsh/Scottish/Northern Irish/British,White,Misuse of Drugs Act 1971 (section 23),Controlled drugs,,,False
Person and Vehicle search,2022-12-28T00:00:00+00:00,,,51.441746,-2.554532,Female,under 10,,,Police and Criminal Evidence Act 1984 (section 1),,A no further action disposal,True,
Person search,2022-12-28T00:00:00+00:00,,,51.500617,-2.467136,Male,18-24,Black/African/Caribbean/Black British - Any other Black/African/Caribbean background,Other,Police and Criminal Evidence Act 1984 (section 1),Article for use in theft,,,False
Person search,2022-12-28T00:00:00+00:00,,,51.407281,-2.591193,Male,18-24,White - English/Welsh/Scottish/Northern Irish/British,White,Police and Criminal Evidence Act 1984 (section 1),Stolen goods,,False,False
Person search,2022-12-28T00:00:00+00:00,,,51.500617,-2.467136,,under 10,Black/African/Caribbean/Black British - African,Black,Police and Criminal Evidence Act 1984 (section 1),Stolen goods,,,False
Person and Vehicle search,2022-12-28T00:00:00+00:00,,,51.470788,-2.481617,Male,18-24,White - English/Welsh/Scottish/Northern Irish/British,White,Misuse of Drugs Act 1971 (section 23),Controlled drugs,Khat or Cannabis warning,True,False
Person search,2022-12-29T00:00:00+00:00,,,51.462213,-2.591010,Male,over 34,Other ethnic group - Not stated,Mixed,Misuse of Drugs Act 1971 (section 23),Controlled drugs,,,False
Person search,2022-12-29T00:00:00+00:00,,,,,Male,10-17,Asian/Asian British - Pakistani,Asian,Misuse of Drugs Act 1971 (section 23),Controlled drugs,,,False
Person and Vehicle search,2022-12-29T00:00:00+00:00,,,51.464789,-2.580953,Male,over 34,White - Irish,White,Misuse of Drugs Act 1971 (section 23),Controlled drugs,,,False
Person search,2022-12-29T00:00:00+00:00,,,51.338536,-2.963247,Male,18-24,White - English/Welsh/Scottish/Northern Irish/British,White,Misuse of Drugs Act 1971 (section 23),Controlled drugs,Community resolution,,False
Person search,2022-12-29T00:00:00+00:00,,,51.338536,-2.963247,Male,18-24,White - English/Welsh/Scottish/Northern Irish/British,White,Misuse of Drugs Act 1971 (section 23),Controlled drugs,Community resolution,True,False
Person search,2022-12-29T00:00:00+00:00,,,,,Male,10-17,Other ethnic group - Not stated,Black,Misuse of Drugs Act 1971 (section 23),Controlled drugs,,,False
Person search,2022-12-29T00:00:00+00:00,,,51.338536,-2.963247,Male,18-24,White - English/Welsh/Scottish/Northern Irish/British,White,Misuse of Drugs Act 1971 (section 23),Controlled drugs,Community resolution,True,False
Person and Vehicle search,2022-12-29T00:00:00+00:00,,,51.429968,-2.645598,Male,25-34,Other ethnic group - Not stated,White,Misuse of Drugs Act 1971 (section 23),Controlled drugs,Arrest,True,False
Person and Vehicle search,2022-12-29T00:00:00+00:00,,,51.523680,-2.594444,Female,over 34,White - English/Welsh/Scottish/Northern Irish/British,White,Police and Criminal Evidence Act 1984 (section 1),Stolen goods,Summons / charged by post,True,False
Person and Vehicle search,2022-12-29T00:00:00+00:00,,,50.955394,-2.608816,Male,25-34,White - English/Welsh/Scottish/Northern Irish/British,White,Police and Criminal Evidence Act 1984 (section 1),Stolen goods,,,False
Person search,2022-12-29T00:00:00+00:00,,,51.525605,-2.595396,Male,10-17,White - English/Welsh/Scottish/Northern Irish/British,White,Misuse of Drugs Act 1971 (section 23),Controlled drugs,,,False
Person search,2022-12-30T00:00:00+00:00,,,51.026941,-3.133015,Male,18-24,White - English/Welsh/Scottish/Northern Irish/British,White,Misuse of Drugs Act 1971 (section 23),Controlled drugs,Arrest,True,False
Person search,2022-12-30T00:00:00+00:00,,,51.377529,-2.358051,Male,over 34,White - English/Welsh/Scottish/Northern Irish/British,White,Police and Criminal Evidence Act 1984 (section 1),Offensive weapons,,,False
Person search,2022-12-30T00:00:00+00:00,,,51.409721,-2.552002,Male,over 34,White - English/Welsh/Scottish/Northern Irish/British,White,Police and Criminal Evidence Act 1984 (section 1),Offensive weapons,,,False
Person search,2022-12-30T00:00:00+00:00,,,51.042793,-2.817618,Male,18-24,White - English/Welsh/Scottish/Northern Irish/British,White,Police and Criminal Evidence Act 1984 (section 1),,,,False
Person and Vehicle search,2022-12-30T00:00:00+00:00,,,51.540024,-2.417867,Male,over 34,White - English/Welsh/Scottish/Northern Irish/British,White,Misuse of Drugs Act 1971 (section 23),Controlled drugs,A no further action disposal,True,False
Person search,2022-12-30T00:00:00+00:00,,,51.458210,-2.587749,Female,over 34,White - English/Welsh/Scottish/Northern Irish/British,White,Police and Criminal Evidence Act 1984 (section 1),Stolen goods,Community resolution,True,False
Person search,2022-12-30T00:00:00+00:00,,,51.463618,-2.563117,Male,18-24,Black/African/Caribbean/Black British - African,Black,Misuse of Drugs Act 1971 (section 23),Controlled drugs,,,False
Person search,2022-12-30T00:00:00+00:00,,,51.042793,-2.817618,Male,18-24,White - English/Welsh/Scottish/Northern Irish/British,White,Police and Criminal Evidence Act 1984 (section 1),,,,False
Person search,2022-12-30T00:00:00+00:00,,,51.470657,-2.563362,Male,18-24,Black/African/Caribbean/Black British - African,Black,Misuse of Drugs Act 1971 (section 23),Controlled drugs,,False,False
Vehicle search,2022-12-30T00:00:00+00:00,,,51.038880,-3.186794,,,,,Misuse of Drugs Act 1971 (section 23),Controlled drugs,A no further action disposal,,
Person and Vehicle search,2022-12-30T00:00:00+00:00,,,51.466184,-2.569857,Male,over 34,White - Any other White background,White,Misuse of Drugs Act 1971 (section 23),Controlled drugs,,,False
Person and Vehicle search,2022-12-30T00:00:00+00:00,,,51.466184,-2.569857,Male,18-24,White - Any other White background,White,Misuse of Drugs Act 1971 (section 23),Controlled drugs,,,False
Person search,2022-12-30T00:00:00+00:00,,,51.465013,-2.557088,Male,,Other ethnic group - Any other ethnic group,Black,Misuse of Drugs Act 1971 (section 23),Controlled drugs,,,False
Person and Vehicle search,2022-12-30T00:00:00+00:00,,,,,Male,over 34,,White,Police and Criminal Evidence Act 1984 (section 1),Offensive weapons,,,False
Person search,2022-12-30T00:00:00+00:00,,,51.460918,-2.572944,Male,10-17,Black/African/Caribbean/Black British - African,Black,Misuse of Drugs Act 1971 (section 23),Controlled drugs,Arrest,True,True
Person search,2022-12-30T00:00:00+00:00,,,51.450083,-2.608468,Male,25-34,Other ethnic group - Not stated,White,Misuse of Drugs Act 1971 (section 23),Controlled drugs,A no further action disposal,True,False
Person search,2022-12-30T00:00:00+00:00,,,51.504009,-2.575933,Male,25-34,White - English/Welsh/Scottish/Northern Irish/British,White,Misuse of Drugs Act 1971 (section 23),Controlled drugs,Khat or Cannabis warning,True,False
Person and Vehicle search,2022-12-30T00:00:00+00:00,,,51.123632,-3.045686,Female,over 34,White - Any other White background,White,Misuse of Drugs Act 1971 (section 23),Controlled drugs,Khat or Cannabis warning,True,False
Person search,2022-12-31T00:00:00+00:00,,,51.458480,-2.583938,Male,over 34,Mixed/Multiple ethnic groups - Any other Mixed/Multiple ethnic background,Asian,Police and Criminal Evidence Act 1984 (section 1),Articles for use in criminal damage,Arrest,True,False
Person search,2022-12-31T00:00:00+00:00,,,51.196796,-3.463782,Male,18-24,Other ethnic group - Not stated,White,Misuse of Drugs Act 1971 (section 23),Controlled drugs,,,False
Person search,2022-12-31T00:00:00+00:00,,,51.385772,-2.364467,Male,25-34,Other ethnic group - Not stated,White,Misuse of Drugs Act 1971 (section 23),Controlled drugs,,,False
Person search,2022-12-31T00:00:00+00:00,,,51.459476,-2.584368,Male,18-24,Asian/Asian British - Any other Asian background,Other,Misuse of Drugs Act 1971 (section 23),Controlled drugs,Arrest,True,False
Person search,2022-12-31T00:00:00+00:00,,,51.291591,-2.447759,Male,10-17,White - English/Welsh/Scottish/Northern Irish/British,White,Police and Criminal Evidence Act 1984 (section 1),Articles for use in criminal damage,,,False
Vehicle search,2022-12-31T00:00:00+00:00,,,50.927631,-2.663875,,,,,Misuse of Drugs Act 1971 (section 23),Controlled drugs,,,
Person search,2022-12-31T00:00:00+00:00,,,51.441681,-2.579048,Male,25-34,White - English/Welsh/Scottish/Northern Irish/British,White,Police and Criminal Evidence Act 1984 (section 1),Offensive weapons,,,False
Person search,2022-12-31T00:00:00+00:00,,,51.442692,-2.615346,Male,over 34,White - English/Welsh/Scottish/Northern Irish/British,White,Police and Criminal Evidence Act 1984 (section 1),Stolen goods,,,False
Person search,2022-12-31T00:00:00+00:00,,,51.459476,-2.584368,Male,18-24,Asian/Asian British - Any other Asian background,Mixed,Misuse of Drugs Act 1971 (section 23),Controlled drugs,A no further action disposal,True,False
Person search,2022-12-31T00:00:00+00:00,,,51.196796,-3.463782,Male,18-24,Other ethnic group - Not stated,,Police and Criminal Evidence Act 1984 (section 1),Controlled drugs,Khat or Cannabis warning,True,False
Person search,2022-12-31T00:00:00+00:00,,,51.469538,-2.564126,Male,25-34,Other ethnic group - Not stated,Black,Police and Criminal Evidence Act 1984 (section 1),Offensive weapons,,,False
Person search,2022-12-31T00:00:00+00:00,,,51.469538,-2.564126,Male,,Other ethnic group - Not stated,Black,Police and Criminal Evidence Act 1984 (section 1),Offensive weapons,,,False
Person search,2022-12-31T00:00:00+00:00,,,51.469538,-2.564126,Male,25-34,Other ethnic group - Not stated,Black,Police and Criminal Evidence Act 1984 (section 1),Offensive weapons,,,False
Person search,2022-12-31T00:00:00+00:00,,,51.291591,-2.447759,Male,10-17,White - English/Welsh/Scottish/Northern Irish/British,White,Police and Criminal Evidence Act 1984 (section 1),Articles for use in criminal damage,,,False
Person search,2022-12-31T00:00:00+00:00,,,51.291591,-2.447759,Male,10-17,White - English/Welsh/Scottish/Northern Irish/British,White,Police and Criminal Evidence Act 1984 (section 1),Articles for use in criminal damage,,,False
Person and Vehicle search,2022-12-31T00:00:00+00:00,,,51.462497,-2.571653,Male,18-24,Black/African/Caribbean/Black British - Caribbean,Black,Misuse of Drugs Act 1971 (section 23),Controlled drugs,A no further action disposal,,False
Person search,2022-12-31T00:00:00+00:00,,,51.291591,-2.447759,Male,10-17,White - English/Welsh/Scottish/Northern Irish/British,White,Police and Criminal Evidence Act 1984 (section 1),Articles for use in criminal damage,,,False
Person search,2022-12-31T00:00:00+00:00,,,51.378898,-2.357229,Male,18-24,White - English/Welsh/Scottish/Northern Irish/British,White,Police and Criminal Evidence Act 1984 (section 1),,,,False
Person and Vehicle search,2022-12-31T00:00:00+00:00,,,51.449758,-2.852499,Female,18-24,White - English/Welsh/Scottish/Northern Irish/British,White,Misuse of Drugs Act 1971 (section 23),Controlled drugs,,,False
Person search,2022-12-31T00:00:00+00:00,,,51.461496,-2.574189,Male,10-17,Black/African/Caribbean/Black British - African,Black,Misuse of Drugs Act 1971 (section 23),Controlled drugs,,False,False
Person and Vehicle search,2022-12-31T00:00:00+00:00,,,51.350125,-2.980559,Male,25-34,Black/African/Caribbean/Black British - Caribbean,Black,Misuse of Drugs Act 1971 (section 23),Controlled drugs,Arrest,True,False
Person search,2022-12-31T00:00:00+00:00,,,51.385772,-2.364467,Male,25-34,White - English/Welsh/Scottish/Northern Irish/British,White,Misuse of Drugs Act 1971 (section 23),Controlled drugs,,,False
Person and Vehicle search,2022-12-31T00:00:00+00:00,,,51.462497,-2.571653,Male,18-24,Black/African/Caribbean/Black British - Caribbean,Black,Misuse of Drugs Act 1971 (section 23),Controlled drugs,A no further action disposal,,False
Person search,2022-12-31T00:00:00+00:00,,,51.291591,-2.447759,Male,10-17,White - English/Welsh/Scottish/Northern Irish/British,White,Police and Criminal Evidence Act 1984 (section 1),Articles for use in criminal damage,,,False
Person search,2022-12-31T00:00:00+00:00,,,51.347233,-2.975759,Male,10-17,White - English/Welsh/Scottish/Northern Irish/British,White,Misuse of Drugs Act 1971 (section 23),Controlled drugs,,,False
Person search,2022-12-31T00:00:00+00:00,,,51.382597,-2.361884,Female,18-24,White - English/Welsh/Scottish/Northern Irish/British,White,Police and Criminal Evidence Act 1984 (section 1),Stolen goods,Arrest,True,False
